_MEMBER_MyList,_LogP_MyList,GO,_PATTERN_,_RANK_,GiniIndex,Category,CategoryID,Description,PARENT_GO,LogP,Enrichment,Z-score,#TotalGeneInLibrary,#GeneInGO,#GeneInHitList,#GeneInGOAndHitList,%InGO,STDV %InGO,GeneID,Hits,Log(q-value),EvidenceCutoff,GROUP_ID,FirstInGroupByEnrichment,FirstInGroupByLogP,BestLogPInGroup,BestEnrichmentInGroup,URL
1,-6.805082725644515,GO:0006259,M1,1,0,GO Biological Processes,19,DNA metabolic process,19_GO:0008152 metabolic process,-6.805082725644515,3.1778837187616564,6.465823779407789,30293,766,336,27,8.035714285714286,1.4830377492644753,1763|2176|2178|2189|4176|4595|6929|8555|9219|9656|11177|11232|23503|51149|51542|51720|55512|56946|63922|79447|79661|79813|80233|80820|91603|119392|201973,DNA2|FANCC|FANCE|FANCG|MCM7|MUTYH|TCF3|CDC14B|MTA2|MDC1|BAZ1A|POLG2|ZFYVE26|MRNIP|VPS54|UIMC1|SMPD3|EMSY|CHTF18|PAGR1|NEIL1|EHMT1|FAAP100|EEPD1|ZNF830|SFR1|PRIMPOL,-2.6276039431021925,0,1,1,1,-6.805082725644515,3.1945655230596173,
1,-5.787051345734255,GO:0006974,M1,1,0,GO Biological Processes,19,DNA damage response,19_GO:0050896 response to stimulus,-5.787051345734255,2.961817940053814,5.80482395462966,30293,761,336,25,7.440476190476191,1.4316645876002587,836|842|1763|2176|2178|2189|3665|4176|4595|8555|9656|9923|23054|23503|51149|51720|55367|56946|79447|79661|80233|80820|91603|119392|201973,CASP3|CASP9|DNA2|FANCC|FANCE|FANCG|IRF7|MCM7|MUTYH|CDC14B|MDC1|ZBTB40|NCOA6|ZFYVE26|MRNIP|UIMC1|PIDD1|EMSY|PAGR1|NEIL1|FAAP100|EEPD1|ZNF830|SFR1|PRIMPOL,-2.0866938179115953,0,1,0,0,-6.805082725644515,3.1945655230596173,
1,-4.749376489402928,GO:0006281,M1,1,0,GO Biological Processes,19,DNA repair,19_GO:0050896 response to stimulus,-4.749376489402928,3.1945655230596173,5.282822989050727,30293,508,336,18,5.357142857142857,1.228403079353203,1763|2176|2178|2189|4176|4595|8555|9656|23503|51149|51720|56946|79447|79661|80233|80820|119392|201973,DNA2|FANCC|FANCE|FANCG|MCM7|MUTYH|CDC14B|MDC1|ZFYVE26|MRNIP|UIMC1|EMSY|PAGR1|NEIL1|FAAP100|EEPD1|SFR1|PRIMPOL,-1.4749876938525488,0,1,0,0,-6.805082725644515,3.1945655230596173,
1,-5.817137615587164,GO:0051028,M1,1,0,GO Biological Processes,19,mRNA transport,19_GO:0051179 localization,-5.817137615587164,7.155376039304611,7.332604375304018,30293,126,336,10,2.9761904761904763,0.9270430106829955,6428|7175|8086|9877|22794|23165|23279|57122|57187|65110,SRSF3|TPR|AAAS|ZC3H11A|CASC3|NUP205|NUP160|NUP107|THOC2|UPF3A,-2.0866938179115953,0,2,1,1,-5.817137615587164,18.031547619047622,
1,-5.0644255889803045,GO:0006406,M1,1,0,GO Biological Processes,19,mRNA export from nucleus,19_GO:0051179 localization,-5.0644255889803045,9.562184343434344,7.374684949678616,30293,66,336,7,2.0833333333333335,0.7791804599407246,6428|7175|9877|22794|23279|57122|57187,SRSF3|TPR|ZC3H11A|CASC3|NUP160|NUP107|THOC2,-1.628721163208234,0,2,0,0,-5.817137615587164,18.031547619047622,
1,-5.009991041400779,GO:0050657,M1,1,0,GO Biological Processes,19,nucleic acid transport,19_GO:0051179 localization,-5.009991041400779,5.8166282642089095,6.367020052968344,30293,155,336,10,2.9761904761904763,0.9270430106829955,6428|7175|8086|9877|22794|23165|23279|57122|57187|65110,SRSF3|TPR|AAAS|ZC3H11A|CASC3|NUP205|NUP160|NUP107|THOC2|UPF3A,-1.628721163208234,0,2,0,0,-5.817137615587164,18.031547619047622,
1,-5.009991041400779,GO:0050658,M1,1,0,GO Biological Processes,19,RNA transport,19_GO:0051179 localization,-5.009991041400779,5.8166282642089095,6.367020052968344,30293,155,336,10,2.9761904761904763,0.9270430106829955,6428|7175|8086|9877|22794|23165|23279|57122|57187|65110,SRSF3|TPR|AAAS|ZC3H11A|CASC3|NUP205|NUP160|NUP107|THOC2|UPF3A,-1.628721163208234,0,2,0,0,-5.817137615587164,18.031547619047622,
1,-4.9611019057362995,GO:0051236,M1,1,0,GO Biological Processes,19,establishment of RNA localization,19_GO:0051179 localization,-4.9611019057362995,5.7425310888686685,6.309597593601647,30293,157,336,10,2.9761904761904763,0.9270430106829955,6428|7175|8086|9877|22794|23165|23279|57122|57187|65110,SRSF3|TPR|AAAS|ZC3H11A|CASC3|NUP205|NUP160|NUP107|THOC2|UPF3A,-1.628721163208234,0,2,0,0,-5.817137615587164,18.031547619047622,
1,-4.510320505927667,GO:0006403,M1,1,0,GO Biological Processes,19,RNA localization,19_GO:0051179 localization,-4.510320505927667,5.093657519504977,5.784741388470114,30293,177,336,10,2.9761904761904763,0.9270430106829955,6428|7175|8086|9877|22794|23165|23279|57122|57187|65110,SRSF3|TPR|AAAS|ZC3H11A|CASC3|NUP205|NUP160|NUP107|THOC2|UPF3A,-1.2870842328246694,0,2,0,0,-5.817137615587164,18.031547619047622,
1,-4.340578287198327,GO:0006405,M1,1,0,GO Biological Processes,19,RNA export from nucleus,19_GO:0051179 localization,-4.340578287198327,7.424754901960785,6.28187794632561,30293,85,336,7,2.0833333333333335,0.7791804599407246,6428|7175|9877|22794|23279|57122|57187,SRSF3|TPR|ZC3H11A|CASC3|NUP160|NUP107|THOC2,-1.2044921898142298,0,2,0,0,-5.817137615587164,18.031547619047622,
1,-3.9633126036381934,GO:0006913,M1,1,0,GO Biological Processes,19,nucleocytoplasmic transport,19_GO:0051179 localization,-3.9633126036381934,4.015121939464045,5.039001400729969,30293,247,336,11,3.2738095238095237,0.9707985231590319,4792|6428|7175|8086|9877|22794|23165|23279|57122|57187|60468,NFKBIA|SRSF3|TPR|AAAS|ZC3H11A|CASC3|NUP205|NUP160|NUP107|THOC2|BACH2,-1.0008197507408525,0,2,0,0,-5.817137615587164,18.031547619047622,
1,-3.947849611904901,GO:0051169,M1,1,0,GO Biological Processes,19,nuclear transport,19_GO:0051179 localization,-3.947849611904901,3.9989319316436256,5.02216292636671,30293,248,336,11,3.2738095238095237,0.9707985231590319,4792|6428|7175|8086|9877|22794|23165|23279|57122|57187|60468,NFKBIA|SRSF3|TPR|AAAS|ZC3H11A|CASC3|NUP205|NUP160|NUP107|THOC2|BACH2,-1.0008197507408525,0,2,0,0,-5.817137615587164,18.031547619047622,
1,-3.709019060972586,GO:0015931,M1,1,0,GO Biological Processes,19,nucleobase-containing compound transport,19_GO:0051179 localization,-3.709019060972586,4.0795356604180135,4.866140801384523,30293,221,336,10,2.9761904761904763,0.9270430106829955,6428|7175|8086|9877|22794|23165|23279|57122|57187|65110,SRSF3|TPR|AAAS|ZC3H11A|CASC3|NUP205|NUP160|NUP107|THOC2|UPF3A,-0.8325702740942449,0,2,0,0,-5.817137615587164,18.031547619047622,
1,-3.2538639950122534,GO:0006999,M1,1,0,GO Biological Processes,19,nuclear pore organization,19_GO:0009987 cellular process,-3.2538639950122534,18.031547619047622,6.987480411410208,30293,15,336,3,0.8928571428571429,0.5131848513849198,7175|23165|57122,TPR|NUP205|NUP107,-0.6204532568202066,0,2,0,0,-5.817137615587164,18.031547619047622,
1,-3.1354217405741673,GO:0051168,M1,1,0,GO Biological Processes,19,nuclear export,19_GO:0051179 localization,-3.1354217405741673,4.74514411027569,4.584195585694838,30293,133,336,7,2.0833333333333335,0.7791804599407246,6428|7175|9877|22794|23279|57122|57187,SRSF3|TPR|ZC3H11A|CASC3|NUP160|NUP107|THOC2,-0.5261446820988399,0,2,0,0,-5.817137615587164,18.031547619047622,
1,-2.3163253441537917,GO:0006997,M1,1,0,GO Biological Processes,19,nucleus organization,19_GO:0009987 cellular process,-2.3163253441537917,3.8639030612244905,3.5970089690511533,30293,140,336,6,1.7857142857142858,0.7224764229577564,1760|7175|23165|23306|57122|57602,DMPK|TPR|NUP205|NEMP1|NUP107|USP36,-0.14719202956897698,0,2,0,0,-5.817137615587164,18.031547619047622,
1,-4.395245882662349,GO:0035196,M1,1,0,GO Biological Processes,19,miRNA processing,19_GO:0048519 negative regulation of biological process,-4.395245882662349,12.8796768707483,7.447371078672545,30293,35,336,5,1.4880952380952381,0.6605262520734665,1655|6428|54487|144233|192669,DDX5|SRSF3|DGCR8|BCDIN3D|AGO3,-1.217767100120026,0,3,1,1,-4.395245882662349,20.805631868131872,
1,-3.8566792207269844,GO:0070918,M1,1,0,GO Biological Processes,19,regulatory ncRNA processing,19_GO:0048519 negative regulation of biological process,-3.8566792207269844,7.618963782696178,5.913465011542114,30293,71,336,6,1.7857142857142858,0.7224764229577564,1655|6428|54487|144233|192669|221400,DDX5|SRSF3|DGCR8|BCDIN3D|AGO3|TDRD6,-0.934472943287968,0,3,0,0,-4.395245882662349,20.805631868131872,
1,-3.4742732259387776,GO:0034660,M1,1,0,GO Biological Processes,19,ncRNA metabolic process,19_GO:0008152 metabolic process,-3.4742732259387776,2.7115109201575365,4.21789907425753,30293,532,336,16,4.761904761904762,1.1617858011292062,1655|4931|6428|10179|11340|26512|54487|55596|57176|65095|79587|84294|130916|144233|192669|221400,DDX5|NVL|SRSF3|RBM7|EXOSC8|INTS6|DGCR8|ZCCHC8|VARS2|KRI1|CARS2|UTP23|MTERF4|BCDIN3D|AGO3|TDRD6,-0.6950181003586395,0,3,0,0,-4.395245882662349,20.805631868131872,
1,-3.4483583191742206,GO:0031053,M1,1,0,GO Biological Processes,19,primary miRNA processing,19_GO:0048519 negative regulation of biological process,-3.4483583191742206,20.805631868131872,7.564267806227701,30293,13,336,3,0.8928571428571429,0.5131848513849198,1655|6428|54487,DDX5|SRSF3|DGCR8,-0.6950181003586395,0,3,0,0,-4.395245882662349,20.805631868131872,
1,-3.0756766508002564,GO:0034470,M1,1,0,GO Biological Processes,19,ncRNA processing,19_GO:0008152 metabolic process,-3.0756766508002564,2.8174293154761902,3.9529393759074165,30293,416,336,13,3.869047619047619,1.0521169595186919,1655|4931|6428|11340|26512|54487|55596|65095|84294|130916|144233|192669|221400,DDX5|NVL|SRSF3|EXOSC8|INTS6|DGCR8|ZCCHC8|KRI1|UTP23|MTERF4|BCDIN3D|AGO3|TDRD6,-0.5002578595858963,0,3,0,0,-4.395245882662349,20.805631868131872,
1,-4.195049970698662,GO:0008380,M1,1,0,GO Biological Processes,19,RNA splicing,19_GO:0008152 metabolic process,-4.195049970698662,3.2904283976364272,4.9512773329947315,30293,411,336,15,4.464285714285714,1.1266505411767733,1655|5411|6428|11129|22794|23451|23524|25862|55596|57187|57461|81576|83759|84811|91603,DDX5|PNN|SRSF3|CLASRP|CASC3|SF3B1|SRRM2|USP49|ZCCHC8|THOC2|ISY1|YJU2B|RBM4B|BUD13|ZNF830,-1.1263443957624684,0,4,1,1,-4.195049970698662,3.905750386797319,
1,-4.157695142626553,GO:0000377,M1,1,0,GO Biological Processes,19,"RNA splicing, via transesterification reactions with bulged adenosine as nucleophile",19_GO:0008152 metabolic process,-4.157695142626553,3.905750386797319,5.145247064233287,30293,277,336,12,3.5714285714285716,1.012404838417573,1655|5411|6428|22794|23451|23524|25862|55596|57461|81576|83759|84811,DDX5|PNN|SRSF3|CASC3|SF3B1|SRRM2|USP49|ZCCHC8|ISY1|YJU2B|RBM4B|BUD13,-1.1263443957624684,0,4,0,0,-4.195049970698662,3.905750386797319,
1,-4.157695142626553,GO:0000398,M1,1,0,GO Biological Processes,19,"mRNA splicing, via spliceosome",19_GO:0008152 metabolic process,-4.157695142626553,3.905750386797319,5.145247064233287,30293,277,336,12,3.5714285714285716,1.012404838417573,1655|5411|6428|22794|23451|23524|25862|55596|57461|81576|83759|84811,DDX5|PNN|SRSF3|CASC3|SF3B1|SRRM2|USP49|ZCCHC8|ISY1|YJU2B|RBM4B|BUD13,-1.1263443957624684,0,4,0,0,-4.195049970698662,3.905750386797319,
1,-4.098514278247132,GO:0000375,M1,1,0,GO Biological Processes,19,"RNA splicing, via transesterification reactions",19_GO:0008152 metabolic process,-4.098514278247132,3.850152516522624,5.083446351893388,30293,281,336,12,3.5714285714285716,1.012404838417573,1655|5411|6428|22794|23451|23524|25862|55596|57461|81576|83759|84811,DDX5|PNN|SRSF3|CASC3|SF3B1|SRRM2|USP49|ZCCHC8|ISY1|YJU2B|RBM4B|BUD13,-1.0971267547604906,0,4,0,0,-4.195049970698662,3.905750386797319,
1,-3.4233295489547633,GO:0016071,M1,1,0,GO Biological Processes,19,mRNA metabolic process,19_GO:0008152 metabolic process,-3.4233295489547633,2.5043816137566135,4.099720462651175,30293,648,336,18,5.357142857142857,1.228403079353203,1655|5411|6428|11129|11340|22794|23451|23524|25862|55596|57187|57461|81576|83759|84811|91603|192669|196513,DDX5|PNN|SRSF3|CLASRP|EXOSC8|CASC3|SF3B1|SRRM2|USP49|ZCCHC8|THOC2|ISY1|YJU2B|RBM4B|BUD13|ZNF830|AGO3|DCP1B,-0.6930087977546601,0,4,0,0,-4.195049970698662,3.905750386797319,
1,-3.3618332203634576,GO:0006397,M1,1,0,GO Biological Processes,19,mRNA processing,19_GO:0008152 metabolic process,-3.3618332203634576,2.7543097177771316,4.150579751395406,30293,491,336,15,4.464285714285714,1.1266505411767733,1655|5411|6428|11129|22794|23451|23524|25862|55596|57187|57461|81576|83759|84811|91603,DDX5|PNN|SRSF3|CLASRP|CASC3|SF3B1|SRRM2|USP49|ZCCHC8|THOC2|ISY1|YJU2B|RBM4B|BUD13|ZNF830,-0.6748706568738161,0,4,0,0,-4.195049970698662,3.905750386797319,
1,-3.8148019954672727,GO:0006264,M1,1,0,GO Biological Processes,19,mitochondrial DNA replication,19_GO:0008152 metabolic process,-3.8148019954672727,27.047321428571433,8.724651213378511,30293,10,336,3,0.8928571428571429,0.5131848513849198,1763|11232|201973,DNA2|POLG2|PRIMPOL,-0.9160768138777793,0,5,1,1,-3.8148019954672727,27.047321428571433,
1,-3.0865097206197616,GO:0032042,M1,1,0,GO Biological Processes,19,mitochondrial DNA metabolic process,19_GO:0008152 metabolic process,-3.0865097206197616,15.910189075630255,6.512426220986156,30293,17,336,3,0.8928571428571429,0.5131848513849198,1763|11232|201973,DNA2|POLG2|PRIMPOL,-0.5002578595858963,0,5,0,0,-3.8148019954672727,27.047321428571433,
1,-2.536092529502169,GO:0000002,M1,1,0,GO Biological Processes,19,mitochondrial genome maintenance,19_GO:0009987 cellular process,-2.536092529502169,10.402815934065936,5.079773794139745,30293,26,336,3,0.8928571428571429,0.5131848513849198,1763|11232|201973,DNA2|POLG2|PRIMPOL,-0.24287816983425492,0,5,0,0,-3.8148019954672727,27.047321428571433,
1,-2.393005680130555,GO:0006261,M1,1,0,GO Biological Processes,19,DNA-templated DNA replication,19_GO:0008152 metabolic process,-2.393005680130555,4.007010582010583,3.708386789504264,30293,135,336,6,1.7857142857142858,0.7224764229577564,1763|4176|11177|11232|91603|201973,DNA2|MCM7|BAZ1A|POLG2|ZNF830|PRIMPOL,-0.1649169042331453,0,5,0,0,-3.8148019954672727,27.047321428571433,
1,-2.1658992155401564,GO:0006260,M1,1,0,GO Biological Processes,19,DNA replication,19_GO:0008152 metabolic process,-2.1658992155401564,3.1873947811447816,3.270371172725874,30293,198,336,7,2.0833333333333335,0.7791804599407246,1763|4176|11177|11232|63922|91603|201973,DNA2|MCM7|BAZ1A|POLG2|CHTF18|ZNF830|PRIMPOL,-0.0337434117844914,0,5,0,0,-3.8148019954672727,27.047321428571433,
1,-3.6710709462329616,GO:0010875,M1,1,0,GO Biological Processes,19,positive regulation of cholesterol efflux,19_GO:0051179 localization,-3.6710709462329616,13.356701940035272,6.802857789219732,30293,27,336,4,1.1904761904761905,0.5916844032071458,19|4792|9619|80820,ABCA1|NFKBIA|ABCG1|EEPD1,-0.8158114584245584,0,6,1,1,-3.6710709462329616,19.31951530612245,
1,-3.3471994610962326,GO:0010745,M1,1,0,GO Biological Processes,19,negative regulation of macrophage derived foam cell differentiation,19_GO:0032502 developmental process,-3.3471994610962326,19.31951530612245,7.260920570961629,30293,14,336,3,0.8928571428571429,0.5131848513849198,19|4792|9619,ABCA1|NFKBIA|ABCG1,-0.6748706568738161,0,6,0,0,-3.6710709462329616,19.31951530612245,
1,-3.0456455377646336,GO:0032373,M1,1,0,GO Biological Processes,19,positive regulation of sterol transport,19_GO:0051179 localization,-3.0456455377646336,9.246947496947497,5.457812164920899,30293,39,336,4,1.1904761904761905,0.5916844032071458,19|4792|9619|80820,ABCA1|NFKBIA|ABCG1|EEPD1,-0.4939634362203688,0,6,0,0,-3.6710709462329616,19.31951530612245,
1,-3.0456455377646336,GO:0032376,M1,1,0,GO Biological Processes,19,positive regulation of cholesterol transport,19_GO:0051179 localization,-3.0456455377646336,9.246947496947497,5.457812164920899,30293,39,336,4,1.1904761904761905,0.5916844032071458,19|4792|9619|80820,ABCA1|NFKBIA|ABCG1|EEPD1,-0.4939634362203688,0,6,0,0,-3.6710709462329616,19.31951530612245,
1,-2.9231683571261384,GO:0032365,M1,1,0,GO Biological Processes,19,intracellular lipid transport,19_GO:0051179 localization,-2.9231683571261384,8.586451247165533,5.210482021490612,30293,42,336,4,1.1904761904761905,0.5916844032071458,19|225|9619|51542,ABCA1|ABCD2|ABCG1|VPS54,-0.4269308119594032,0,6,0,0,-3.6710709462329616,19.31951530612245,
1,-2.7493216944448347,GO:0010888,M1,1,0,GO Biological Processes,19,negative regulation of lipid storage,19_GO:0051179 localization,-2.7493216944448347,12.294237012987015,5.61227969793022,30293,22,336,3,0.8928571428571429,0.5131848513849198,19|4792|9619,ABCA1|NFKBIA|ABCG1,-0.35717274691327927,0,6,0,0,-3.6710709462329616,19.31951530612245,
1,-2.585785155349265,GO:0032367,M1,1,0,GO Biological Processes,19,intracellular cholesterol transport,19_GO:0051179 localization,-2.585785155349265,10.818928571428573,5.201477155988618,30293,25,336,3,0.8928571428571429,0.5131848513849198,19|9619|51542,ABCA1|ABCG1|VPS54,-0.261959585316612,0,6,0,0,-3.6710709462329616,19.31951530612245,
1,-2.517266965384634,GO:0010874,M1,1,0,GO Biological Processes,19,regulation of cholesterol efflux,19_GO:0051179 localization,-2.517266965384634,6.678350970017636,4.423029668968558,30293,54,336,4,1.1904761904761905,0.5916844032071458,19|4792|9619|80820,ABCA1|NFKBIA|ABCG1|EEPD1,-0.24287816983425492,0,6,0,0,-3.6710709462329616,19.31951530612245,
1,-2.517266965384634,GO:0034204,M1,1,0,GO Biological Processes,19,lipid translocation,19_GO:0051179 localization,-2.517266965384634,6.678350970017636,4.423029668968558,30293,54,336,4,1.1904761904761905,0.5916844032071458,19|9619|55113|286410,ABCA1|ABCG1|XKR8|ATP11C,-0.24287816983425492,0,6,0,0,-3.6710709462329616,19.31951530612245,
1,-2.3989440200372125,GO:0032366,M1,1,0,GO Biological Processes,19,intracellular sterol transport,19_GO:0051179 localization,-2.3989440200372125,9.326662561576356,4.7510680737724496,30293,29,336,3,0.8928571428571429,0.5131848513849198,19|9619|51542,ABCA1|ABCG1|VPS54,-0.16594790964505876,0,6,0,0,-3.6710709462329616,19.31951530612245,
1,-2.326009921671182,GO:0097035,M1,1,0,GO Biological Processes,19,regulation of membrane lipid distribution,19_GO:0065007 biological regulation,-2.326009921671182,5.911982825917252,4.066986874505398,30293,61,336,4,1.1904761904761905,0.5916844032071458,19|9619|55113|286410,ABCA1|ABCG1|XKR8|ATP11C,-0.14853113912885962,0,6,0,0,-3.6710709462329616,19.31951530612245,
1,-2.3025173560449903,GO:0015914,M1,1,0,GO Biological Processes,19,phospholipid transport,19_GO:0051179 localization,-2.3025173560449903,4.5534211159211155,3.750493384794208,30293,99,336,5,1.4880952380952381,0.6605262520734665,19|9619|55113|114879|286410,ABCA1|ABCG1|XKR8|OSBPL5|ATP11C,-0.13787579820784004,0,6,0,0,-3.6710709462329616,19.31951530612245,
1,-2.239005697751081,GO:0010743,M1,1,0,GO Biological Processes,19,regulation of macrophage derived foam cell differentiation,19_GO:0032502 developmental process,-2.239005697751081,8.19615800865801,4.380338288838089,30293,33,336,3,0.8928571428571429,0.5131848513849198,19|4792|9619,ABCA1|NFKBIA|ABCG1,-0.09091069289396823,0,6,0,0,-3.6710709462329616,19.31951530612245,
1,-2.093446418571706,GO:0030301,M1,1,0,GO Biological Processes,19,cholesterol transport,19_GO:0051179 localization,-2.093446418571706,5.0793091884641175,3.64450583946519,30293,71,336,4,1.1904761904761905,0.5916844032071458,19|9619|51542|114879,ABCA1|ABCG1|VPS54|OSBPL5,0.0,0,6,0,0,-3.6710709462329616,19.31951530612245,
1,-3.512666113142677,GO:0044773,M1,1,0,GO Biological Processes,19,mitotic DNA damage checkpoint signaling,19_GO:0048519 negative regulation of biological process,-3.512666113142677,6.596907665505228,5.3747339444564854,30293,82,336,6,1.7857142857142858,0.7224764229577564,8555|9656|51149|51720|55367|91603,CDC14B|MDC1|MRNIP|UIMC1|PIDD1|ZNF830,-0.6950181003586395,0,7,1,1,-3.512666113142677,13.523660714285716,
1,-3.4470573040533967,GO:0031570,M1,1,0,GO Biological Processes,19,DNA integrity checkpoint signaling,19_GO:0048519 negative regulation of biological process,-3.4470573040533967,5.348340395480227,5.012164906459848,30293,118,336,7,2.0833333333333335,0.7791804599407246,1763|8555|9656|51149|51720|55367|91603,DNA2|CDC14B|MDC1|MRNIP|UIMC1|PIDD1|ZNF830,-0.6950181003586395,0,7,0,0,-3.512666113142677,13.523660714285716,
1,-3.4007623965683322,GO:0044774,M1,1,0,GO Biological Processes,19,mitotic DNA integrity checkpoint signaling,19_GO:0048519 negative regulation of biological process,-3.4007623965683322,6.290074750830566,5.2028546064560945,30293,86,336,6,1.7857142857142858,0.7224764229577564,8555|9656|51149|51720|55367|91603,CDC14B|MDC1|MRNIP|UIMC1|PIDD1|ZNF830,-0.6856816119249658,0,7,0,0,-3.512666113142677,13.523660714285716,
1,-3.359469256366133,GO:0000075,M1,1,0,GO Biological Processes,19,cell cycle checkpoint signaling,19_GO:0048519 negative regulation of biological process,-3.359469256366133,4.507886904761905,4.711604650174998,30293,160,336,8,2.380952380952381,0.831712060721157,1763|7175|8555|9656|51149|51720|55367|91603,DNA2|TPR|CDC14B|MDC1|MRNIP|UIMC1|PIDD1|ZNF830,-0.6748706568738161,0,7,0,0,-3.512666113142677,13.523660714285716,
1,-3.2751979988761266,GO:0007093,M1,1,0,GO Biological Processes,19,mitotic cell cycle checkpoint signaling,19_GO:0048519 negative regulation of biological process,-3.2751979988761266,5.008763227513228,4.775447445277794,30293,126,336,7,2.0833333333333335,0.7791804599407246,7175|8555|9656|51149|51720|55367|91603,TPR|CDC14B|MDC1|MRNIP|UIMC1|PIDD1|ZNF830,-0.6248326557551351,0,7,0,0,-3.512666113142677,13.523660714285716,
1,-3.119125000473048,GO:0010564,M1,1,0,GO Biological Processes,19,regulation of cell cycle process,19_GO:0050789 regulation of biological process,-3.119125000473048,2.293168706572321,3.7900993455746383,30293,747,336,19,5.654761904761905,1.2600782504479302,858|1763|7175|7840|8555|9656|10051|10385|22994|23503|51149|51720|55367|55512|56890|57018|79447|91603|126520,CAV2|DNA2|TPR|ALMS1|CDC14B|MDC1|SMC4|BTN2A2|CEP131|ZFYVE26|MRNIP|UIMC1|PIDD1|SMPD3|MDM1|CCNL1|PAGR1|ZNF830|PLK5,-0.5214298145475359,0,7,0,0,-3.512666113142677,13.523660714285716,
1,-2.968514065327441,GO:0042770,M1,1,0,GO Biological Processes,19,signal transduction in response to DNA damage,19_GO:0050896 response to stimulus,-2.968514065327441,4.444395539906104,4.357032336103111,30293,142,336,7,2.0833333333333335,0.7791804599407246,842|8555|9656|51149|51720|55367|91603,CASP9|CDC14B|MDC1|MRNIP|UIMC1|PIDD1|ZNF830,-0.45867373430152525,0,7,0,0,-3.512666113142677,13.523660714285716,
1,-2.872813954692448,GO:0000076,M1,1,0,GO Biological Processes,19,DNA replication checkpoint signaling,19_GO:0048519 negative regulation of biological process,-2.872813954692448,13.523660714285716,5.933391619011292,30293,20,336,3,0.8928571428571429,0.5131848513849198,1763|9656|91603,DNA2|MDC1|ZNF830,-0.4029053482480619,0,7,0,0,-3.512666113142677,13.523660714285716,
1,-2.858711744227034,GO:0000077,M1,1,0,GO Biological Processes,19,DNA damage checkpoint signaling,19_GO:0048519 negative regulation of biological process,-2.858711744227034,4.962811271297511,4.389476168778344,30293,109,336,6,1.7857142857142858,0.7224764229577564,8555|9656|51149|51720|55367|91603,CDC14B|MDC1|MRNIP|UIMC1|PIDD1|ZNF830,-0.3972363053195105,0,7,0,0,-3.512666113142677,13.523660714285716,
1,-2.8080666448769054,GO:0010948,M1,1,0,GO Biological Processes,19,negative regulation of cell cycle process,19_GO:0048519 negative regulation of biological process,-2.8080666448769054,3.1196449167902456,3.834483823849084,30293,289,336,10,2.9761904761904763,0.9270430106829955,1763|7175|8555|9656|10385|51149|51720|55367|56890|91603,DNA2|TPR|CDC14B|MDC1|BTN2A2|MRNIP|UIMC1|PIDD1|MDM1|ZNF830,-0.3940158558975202,0,7,0,0,-3.512666113142677,13.523660714285716,
1,-2.7786518825517827,GO:1901988,M1,1,0,GO Biological Processes,19,negative regulation of cell cycle phase transition,19_GO:0048519 negative regulation of biological process,-2.7786518825517827,3.339175485008818,3.8772888433384183,30293,243,336,9,2.6785714285714284,0.88081806868196,1763|7175|8555|9656|10385|51149|51720|55367|91603,DNA2|TPR|CDC14B|MDC1|BTN2A2|MRNIP|UIMC1|PIDD1|ZNF830,-0.37932435039310397,0,7,0,0,-3.512666113142677,13.523660714285716,
1,-2.5469333186225707,GO:0044818,M1,1,0,GO Biological Processes,19,mitotic G2/M transition checkpoint,19_GO:0048519 negative regulation of biological process,-2.5469333186225707,6.8043575920934405,4.479047362953337,30293,53,336,4,1.1904761904761905,0.5916844032071458,8555|51149|51720|91603,CDC14B|MRNIP|UIMC1|ZNF830,-0.2445157994719483,0,7,0,0,-3.512666113142677,13.523660714285716,
1,-2.4403903083400063,GO:0045786,M1,1,0,GO Biological Processes,19,negative regulation of cell cycle,19_GO:0048519 negative regulation of biological process,-2.4403903083400063,2.6167153536876495,3.3542882135088923,30293,379,336,11,3.2738095238095237,0.9707985231590319,836|1763|7175|8555|9656|10385|51149|51720|55367|56890|91603,CASP3|DNA2|TPR|CDC14B|MDC1|BTN2A2|MRNIP|UIMC1|PIDD1|MDM1|ZNF830,-0.1871908118595655,0,7,0,0,-3.512666113142677,13.523660714285716,
1,-2.387751900783352,GO:1901991,M1,1,0,GO Biological Processes,19,negative regulation of mitotic cell cycle phase transition,19_GO:0048519 negative regulation of biological process,-2.387751900783352,3.5061342592592597,3.571478392301379,30293,180,336,7,2.0833333333333335,0.7791804599407246,7175|8555|10385|51149|51720|55367|91603,TPR|CDC14B|BTN2A2|MRNIP|UIMC1|PIDD1|ZNF830,-0.16451562768035455,0,7,0,0,-3.512666113142677,13.523660714285716,
1,-2.3657311860169314,GO:1903047,M1,1,0,GO Biological Processes,19,mitotic cell cycle process,19_GO:0009987 cellular process,-2.3657311860169314,2.334762141908556,3.19372597931071,30293,502,336,13,3.869047619047619,1.0521169595186919,1763|7175|8086|8555|9656|10051|10385|23503|51149|51720|55367|55512|91603,DNA2|TPR|AAAS|CDC14B|MDC1|SMC4|BTN2A2|ZFYVE26|MRNIP|UIMC1|PIDD1|SMPD3|ZNF830,-0.15407426975398575,0,7,0,0,-3.512666113142677,13.523660714285716,
1,-2.3514561494443504,GO:0045930,M1,1,0,GO Biological Processes,19,negative regulation of mitotic cell cycle,19_GO:0048519 negative regulation of biological process,-2.3514561494443504,3.1223459080601934,3.4292383830454614,30293,231,336,8,2.380952380952381,0.831712060721157,7175|8555|9656|10385|51149|51720|55367|91603,TPR|CDC14B|MDC1|BTN2A2|MRNIP|UIMC1|PIDD1|ZNF830,-0.15407426975398575,0,7,0,0,-3.512666113142677,13.523660714285716,
1,-2.210722178401026,GO:0000278,M1,1,0,GO Biological Processes,19,mitotic cell cycle,19_GO:0009987 cellular process,-2.210722178401026,2.157621082621083,2.9942779078713957,30293,585,336,14,4.166666666666667,1.090141913483924,1763|7175|8086|8555|9656|10051|10385|23503|51149|51175|51720|55367|55512|91603,DNA2|TPR|AAAS|CDC14B|MDC1|SMC4|BTN2A2|ZFYVE26|MRNIP|TUBE1|UIMC1|PIDD1|SMPD3|ZNF830,-0.06666715134565335,0,7,0,0,-3.512666113142677,13.523660714285716,
1,-2.204506744242146,GO:0010972,M1,1,0,GO Biological Processes,19,negative regulation of G2/M transition of mitotic cell cycle,19_GO:0048519 negative regulation of biological process,-2.204506744242146,5.4641053391053385,3.8449733312883962,30293,66,336,4,1.1904761904761905,0.5916844032071458,8555|51149|51720|91603,CDC14B|MRNIP|UIMC1|ZNF830,-0.06633920986001839,0,7,0,0,-3.512666113142677,13.523660714285716,
1,-2.1367180688504277,GO:1902750,M1,1,0,GO Biological Processes,19,negative regulation of cell cycle G2/M phase transition,19_GO:0048519 negative regulation of biological process,-2.1367180688504277,5.2265355417529324,3.722352979090011,30293,69,336,4,1.1904761904761905,0.5916844032071458,8555|51149|51720|91603,CDC14B|MRNIP|UIMC1|ZNF830,-0.01231772979152501,0,7,0,0,-3.512666113142677,13.523660714285716,
1,-2.099594208829074,GO:0007095,M1,1,0,GO Biological Processes,19,mitotic G2 DNA damage checkpoint signaling,19_GO:0048519 negative regulation of biological process,-2.099594208829074,7.310086872586874,4.067381394292004,30293,37,336,3,0.8928571428571429,0.5131848513849198,8555|51149|51720,CDC14B|MRNIP|UIMC1,0.0,0,7,0,0,-3.512666113142677,13.523660714285716,
1,-3.453850100499105,GO:0034655,M1,1,0,GO Biological Processes,19,nucleobase-containing compound catabolic process,19_GO:0008152 metabolic process,-3.453850100499105,3.278463203463204,4.407484514522171,30293,330,336,12,3.5714285714285716,1.012404838417573,1655|1763|2023|10179|11340|22794|30833|51542|55596|79661|192669|196513,DDX5|DNA2|ENO1|RBM7|EXOSC8|CASC3|NT5C|VPS54|ZCCHC8|NEIL1|AGO3|DCP1B,-0.6950181003586395,0,8,1,1,-3.453850100499105,6.678350970017636,
1,-3.2708325212552025,GO:0006401,M1,1,0,GO Biological Processes,19,RNA catabolic process,19_GO:0008152 metabolic process,-3.2708325212552025,4.371284271284271,4.598716616784974,30293,165,336,8,2.380952380952381,0.831712060721157,1655|1763|10179|11340|22794|55596|192669|196513,DDX5|DNA2|RBM7|EXOSC8|CASC3|ZCCHC8|AGO3|DCP1B,-0.6248326557551351,0,8,0,0,-3.453850100499105,6.678350970017636,
1,-3.0379737631831047,GO:0044270,M1,1,0,GO Biological Processes,19,cellular nitrogen compound catabolic process,19_GO:0008152 metabolic process,-3.0379737631831047,2.9399262422360253,3.965304116125631,30293,368,336,12,3.5714285714285716,1.012404838417573,1655|1763|2023|10179|11340|22794|30833|51542|55596|79661|192669|196513,DDX5|DNA2|ENO1|RBM7|EXOSC8|CASC3|NT5C|VPS54|ZCCHC8|NEIL1|AGO3|DCP1B,-0.4939634362203688,0,8,0,0,-3.453850100499105,6.678350970017636,
1,-3.027854819997873,GO:0046700,M1,1,0,GO Biological Processes,19,heterocycle catabolic process,19_GO:0008152 metabolic process,-3.027854819997873,2.931958962446768,3.9544465540572364,30293,369,336,12,3.5714285714285716,1.012404838417573,1655|1763|2023|10179|11340|22794|30833|51542|55596|79661|192669|196513,DDX5|DNA2|ENO1|RBM7|EXOSC8|CASC3|NT5C|VPS54|ZCCHC8|NEIL1|AGO3|DCP1B,-0.4938287139417381,0,8,0,0,-3.453850100499105,6.678350970017636,
1,-2.8427959969136656,GO:0019439,M1,1,0,GO Biological Processes,19,aromatic compound catabolic process,19_GO:0008152 metabolic process,-2.8427959969136656,2.7883836524300447,3.7548198388447753,30293,388,336,12,3.5714285714285716,1.012404838417573,1655|1763|2023|10179|11340|22794|30833|51542|55596|79661|192669|196513,DDX5|DNA2|ENO1|RBM7|EXOSC8|CASC3|NT5C|VPS54|ZCCHC8|NEIL1|AGO3|DCP1B,-0.3940158558975202,0,8,0,0,-3.453850100499105,6.678350970017636,
1,-2.5845417457405384,GO:1901361,M1,1,0,GO Biological Processes,19,organic cyclic compound catabolic process,19_GO:0008152 metabolic process,-2.5845417457405384,2.5944672833162046,3.4722170682608566,30293,417,336,12,3.5714285714285716,1.012404838417573,1655|1763|2023|10179|11340|22794|30833|51542|55596|79661|192669|196513,DDX5|DNA2|ENO1|RBM7|EXOSC8|CASC3|NT5C|VPS54|ZCCHC8|NEIL1|AGO3|DCP1B,-0.261959585316612,0,8,0,0,-3.453850100499105,6.678350970017636,
1,-2.517266965384634,GO:0016073,M1,1,0,GO Biological Processes,19,snRNA metabolic process,19_GO:0008152 metabolic process,-2.517266965384634,6.678350970017636,4.423029668968558,30293,54,336,4,1.1904761904761905,0.5916844032071458,10179|11340|26512|55596,RBM7|EXOSC8|INTS6|ZCCHC8,-0.24287816983425492,0,8,0,0,-3.453850100499105,6.678350970017636,
1,-3.4411331187419747,GO:0009615,M1,1,0,GO Biological Processes,19,response to virus,19_GO:0044419 biological process involved in interspecies interaction between organisms,-3.4411331187419747,3.0843436716791977,4.330276159200966,30293,380,336,13,3.869047619047619,1.0521169595186919,2023|3665|3717|4940|7297|10206|57337|60509|64170|79798|81576|201294|388419,ENO1|IRF7|JAK2|OAS3|TYK2|TRIM13|SENP7|AGBL5|CARD9|ARMC5|YJU2B|UNC13D|BTBD17,-0.6950181003586395,0,9,1,1,-3.4411331187419747,3.0843436716791977,
1,-3.1672599621917144,GO:2000318,M1,1,0,GO Biological Processes,19,positive regulation of T-helper 17 type immune response,19_GO:0002376 immune system process,-3.1672599621917144,16.904575892857146,6.739227491277965,30293,16,336,3,0.8928571428571429,0.5131848513849198,3717|7297|64170,JAK2|TYK2|CARD9,-0.5460836804166791,0,10,1,1,-3.1672599621917144,16.904575892857146,
1,-2.872813954692448,GO:0060396,M1,1,0,GO Biological Processes,19,growth hormone receptor signaling pathway,19_GO:0050896 response to stimulus,-2.872813954692448,13.523660714285716,5.933391619011292,30293,20,336,3,0.8928571428571429,0.5131848513849198,3717|5829|7297,JAK2|PXN|TYK2,-0.4029053482480619,0,10,0,0,-3.1672599621917144,16.904575892857146,
1,-2.8094299562550087,GO:0071378,M1,1,0,GO Biological Processes,19,cellular response to growth hormone stimulus,19_GO:0050896 response to stimulus,-2.8094299562550087,12.879676870748302,5.767374740189278,30293,21,336,3,0.8928571428571429,0.5131848513849198,3717|5829|7297,JAK2|PXN|TYK2,-0.3940158558975202,0,10,0,0,-3.1672599621917144,16.904575892857146,
1,-2.4884909004044182,GO:0032740,M1,1,0,GO Biological Processes,19,positive regulation of interleukin-17 production,19_GO:0048518 positive regulation of biological process,-2.4884909004044182,10.017526455026458,4.964508360059756,30293,27,336,3,0.8928571428571429,0.5131848513849198,3717|7297|64170,JAK2|TYK2|CARD9,-0.2194971367407455,0,10,0,0,-3.1672599621917144,16.904575892857146,
1,-2.356731420460227,GO:2000316,M1,1,0,GO Biological Processes,19,regulation of T-helper 17 type immune response,19_GO:0002376 immune system process,-2.356731420460227,9.015773809523811,4.651944719149934,30293,30,336,3,0.8928571428571429,0.5131848513849198,3717|7297|64170,JAK2|TYK2|CARD9,-0.15407426975398575,0,10,0,0,-3.1672599621917144,16.904575892857146,
1,-2.202425307244116,GO:0060416,M1,1,0,GO Biological Processes,19,response to growth hormone,19_GO:0050896 response to stimulus,-2.202425307244116,7.955094537815127,4.297339481536604,30293,34,336,3,0.8928571428571429,0.5131848513849198,3717|5829|7297,JAK2|PXN|TYK2,-0.06633920986001839,0,10,0,0,-3.1672599621917144,16.904575892857146,
1,-2.099594208829074,GO:0046677,M1,1,0,GO Biological Processes,19,response to antibiotic,19_GO:0050896 response to stimulus,-2.099594208829074,7.310086872586874,4.067381394292004,30293,37,336,3,0.8928571428571429,0.5131848513849198,3717|51542|79813,JAK2|VPS54|EHMT1,0.0,0,10,0,0,-3.1672599621917144,16.904575892857146,
1,-3.003665506840158,GO:0036297,M1,1,0,GO Biological Processes,19,interstrand cross-link repair,19_GO:0050896 response to stimulus,-3.003665506840158,9.01577380952381,5.372490778594071,30293,40,336,4,1.1904761904761905,0.5916844032071458,2176|2178|2189|80233,FANCC|FANCE|FANCG|FAAP100,-0.47939923807317936,0,11,1,1,-3.003665506840158,9.01577380952381,
1,-2.7396570271956837,GO:0006513,M1,1,0,GO Biological Processes,19,protein monoubiquitination,19_GO:0008152 metabolic process,-2.7396570271956837,7.672998986828773,4.848645884214866,30293,47,336,4,1.1904761904761905,0.5916844032071458,2176|2178|2189|80233,FANCC|FANCE|FANCG|FAAP100,-0.35456993415161514,0,11,0,0,-3.003665506840158,9.01577380952381,
1,-2.9640546589081302,GO:0032642,M1,1,0,GO Biological Processes,19,regulation of chemokine production,19_GO:0032501 multicellular organismal process,-2.9640546589081302,5.201407967032968,4.545394830136593,30293,104,336,6,1.7857142857142858,0.7224764229577564,177|2950|3570|4940|64170|161882,AGER|GSTP1|IL6R|OAS3|CARD9|ZFPM1,-0.45867373430152525,0,12,1,1,-2.9640546589081302,12.879676870748302,
1,-2.8094299562550087,GO:0071637,M1,1,0,GO Biological Processes,19,regulation of monocyte chemotactic protein-1 production,19_GO:0032501 multicellular organismal process,-2.8094299562550087,12.879676870748302,5.767374740189278,30293,21,336,3,0.8928571428571429,0.5131848513849198,177|2950|4940,AGER|GSTP1|OAS3,-0.3940158558975202,0,12,0,0,-2.9640546589081302,12.879676870748302,
1,-2.0723535756243048,GO:0032722,M1,1,0,GO Biological Processes,19,positive regulation of chemokine production,19_GO:0048518 positive regulation of biological process,-2.0723535756243048,5.008763227513227,3.6066723616319094,30293,72,336,4,1.1904761904761905,0.5916844032071458,177|3570|4940|64170,AGER|IL6R|OAS3|CARD9,0.0,0,12,0,0,-2.9640546589081302,12.879676870748302,
1,-2.879119069247307,GO:0033143,M1,1,0,GO Biological Processes,19,regulation of intracellular steroid hormone receptor signaling pathway,19_GO:0050896 response to stimulus,-2.879119069247307,6.175187540769732,4.68840095454146,30293,73,336,5,1.4880952380952381,0.6605262520734665,1655|3065|5187|8284|79447,DDX5|HDAC1|PER1|KDM5D|PAGR1,-0.4029053482480619,0,13,1,1,-2.879119069247307,9.326662561576356,
1,-2.3989440200372125,GO:0060765,M1,1,0,GO Biological Processes,19,regulation of androgen receptor signaling pathway,19_GO:0050896 response to stimulus,-2.3989440200372125,9.326662561576356,4.7510680737724496,30293,29,336,3,0.8928571428571429,0.5131848513849198,1655|3065|8284,DDX5|HDAC1|KDM5D,-0.16594790964505876,0,13,0,0,-2.879119069247307,9.326662561576356,
1,-2.838348302685001,GO:0048024,M1,1,0,GO Biological Processes,19,"regulation of mRNA splicing, via spliceosome",19_GO:0008152 metabolic process,-2.838348302685001,4.917694805194806,4.359434878292159,30293,110,336,6,1.7857142857142858,0.7224764229577564,1153|1655|6428|10179|57060|65110,CIRBP|DDX5|SRSF3|RBM7|PCBP4|UPF3A,-0.3940158558975202,0,14,1,1,-2.838348302685001,4.917694805194806,
1,-2.4407680069966617,GO:0050684,M1,1,0,GO Biological Processes,19,regulation of mRNA processing,19_GO:0008152 metabolic process,-2.4407680069966617,4.098079004329005,3.7778180638855776,30293,132,336,6,1.7857142857142858,0.7224764229577564,1153|1655|6428|10179|57060|65110,CIRBP|DDX5|SRSF3|RBM7|PCBP4|UPF3A,-0.1871908118595655,0,14,0,0,-2.838348302685001,4.917694805194806,
1,-2.335963085733618,GO:0043484,M1,1,0,GO Biological Processes,19,regulation of RNA splicing,19_GO:0008152 metabolic process,-2.335963085733618,3.4299139492753628,3.501354573321856,30293,184,336,7,2.0833333333333335,0.7791804599407246,1153|1655|6428|10179|57018|57060|65110,CIRBP|DDX5|SRSF3|RBM7|CCNL1|PCBP4|UPF3A,-0.14971037888379043,0,14,0,0,-2.838348302685001,4.917694805194806,
1,-2.8094299562550087,GO:0030220,M1,1,0,GO Biological Processes,19,platelet formation,19_GO:0032502 developmental process,-2.8094299562550087,12.879676870748302,5.767374740189278,30293,21,336,3,0.8928571428571429,0.5131848513849198,836|842|161882,CASP3|CASP9|ZFPM1,-0.3940158558975202,0,15,1,1,-2.8094299562550087,12.879676870748302,
1,-2.692182695133416,GO:0036344,M1,1,0,GO Biological Processes,19,platelet morphogenesis,19_GO:0032502 developmental process,-2.692182695133416,11.759704968944101,5.466917545708713,30293,23,336,3,0.8928571428571429,0.5131848513849198,836|842|161882,CASP3|CASP9|ZFPM1,-0.34077871529191994,0,15,0,0,-2.8094299562550087,12.879676870748302,
1,-2.409775403928742,GO:0048872,M1,1,0,GO Biological Processes,19,homeostasis of number of cells,19_GO:0042592 homeostatic process,-2.409775403928742,2.9399262422360244,3.42878749225861,30293,276,336,9,2.6785714285714284,0.88081806868196,836|2176|3717|23774|27040|51542|55113|64170|161882,CASP3|FANCC|JAK2|BRD1|LAT|VPS54|XKR8|CARD9|ZFPM1,-0.16679507262998705,0,15,0,0,-2.8094299562550087,12.879676870748302,
1,-2.361905992854497,GO:0002262,M1,1,0,GO Biological Processes,19,myeloid cell homeostasis,19_GO:0042592 homeostatic process,-2.361905992854497,3.948514077163713,3.663203748288828,30293,137,336,6,1.7857142857142858,0.7224764229577564,836|2176|3717|23774|55113|161882,CASP3|FANCC|JAK2|BRD1|XKR8|ZFPM1,-0.15407426975398575,0,15,0,0,-2.8094299562550087,12.879676870748302,
1,-2.0215970557943077,GO:0030097,M1,1,0,GO Biological Processes,19,hemopoiesis,19_GO:0032502 developmental process,-2.0215970557943077,1.9887736344537816,2.7618149971645054,30293,680,336,15,4.464285714285714,1.1266505411767733,836|842|2872|3570|3717|6929|7994|9452|23054|23774|51542|55512|79798|79879|161882,CASP3|CASP9|MKNK2|IL6R|JAK2|TCF3|KAT6A|ITM2A|NCOA6|BRD1|VPS54|SMPD3|ARMC5|CCDC134|ZFPM1,0.0,0,15,0,0,-2.8094299562550087,12.879676870748302,
1,-2.7982917009199797,GO:0001824,M1,1,0,GO Biological Processes,19,blastocyst development,19_GO:0032502 developmental process,-2.7982917009199797,4.829878826530613,4.300428043537274,30293,112,336,6,1.7857142857142858,0.7224764229577564,2551|10443|26469|54880|57187|91603,GABPA|N4BP2L2|PTPN18|BCOR|THOC2|ZNF830,-0.3916649300198014,0,16,1,1,-2.7982917009199797,4.829878826530613,
1,-2.7018744027227575,GO:0051702,M1,1,0,GO Biological Processes,19,biological process involved in interaction with symbiont,19_GO:0044419 biological process involved in interspecies interaction between organisms,-2.7018744027227575,4.623473748473749,4.1588347837197395,30293,117,336,6,1.7857142857142858,0.7224764229577564,858|3065|3717|9367|64170|91392,CAV2|HDAC1|JAK2|RAB9A|CARD9|ZNF502,-0.34077871529191994,0,17,1,1,-2.7018744027227575,5.241728959025471,
1,-2.5645678909666034,GO:0051851,M1,1,0,GO Biological Processes,19,modulation by host of symbiont process,19_GO:0044419 biological process involved in interspecies interaction between organisms,-2.5645678909666034,5.241728959025471,4.171793423209935,30293,86,336,5,1.4880952380952381,0.6605262520734665,858|3065|9367|64170|91392,CAV2|HDAC1|RAB9A|CARD9|ZNF502,-0.25632082815525714,0,17,0,0,-2.7018744027227575,5.241728959025471,
1,-2.692182695133416,GO:0018126,M1,1,0,GO Biological Processes,19,protein hydroxylation,19_GO:0008152 metabolic process,-2.692182695133416,11.759704968944101,5.466917545708713,30293,23,336,3,0.8928571428571429,0.5131848513849198,5352|10491|64175,PLOD2|CRTAP|P3H1,-0.34077871529191994,0,18,1,1,-2.692182695133416,11.759704968944101,
1,-2.692182695133416,GO:0031445,M1,1,0,GO Biological Processes,19,regulation of heterochromatin formation,19_GO:0048519 negative regulation of biological process,-2.692182695133416,11.759704968944101,5.466917545708713,30293,23,336,3,0.8928571428571429,0.5131848513849198,7175|9869|11177,TPR|SETDB1|BAZ1A,-0.34077871529191994,0,19,1,1,-2.692182695133416,11.759704968944101,
1,-2.692182695133416,GO:0120261,M1,1,0,GO Biological Processes,19,regulation of heterochromatin organization,19_GO:0050789 regulation of biological process,-2.692182695133416,11.759704968944101,5.466917545708713,30293,23,336,3,0.8928571428571429,0.5131848513849198,7175|9869|11177,TPR|SETDB1|BAZ1A,-0.34077871529191994,0,19,0,0,-2.692182695133416,11.759704968944101,
1,-2.132786268388625,GO:1902275,M1,1,0,GO Biological Processes,19,regulation of chromatin organization,19_GO:0050789 regulation of biological process,-2.132786268388625,7.513144841269843,4.14107891785068,30293,36,336,3,0.8928571428571429,0.5131848513849198,7175|9869|11177,TPR|SETDB1|BAZ1A,-0.012212337182775083,0,19,0,0,-2.692182695133416,11.759704968944101,
1,-2.585785155349265,GO:1902993,M1,1,0,GO Biological Processes,19,positive regulation of amyloid precursor protein catabolic process,19_GO:0048518 positive regulation of biological process,-2.585785155349265,10.818928571428573,5.201477155988618,30293,25,336,3,0.8928571428571429,0.5131848513849198,177|836|9619,AGER|CASP3|ABCG1,-0.261959585316612,0,20,1,1,-2.585785155349265,10.818928571428573,
1,-2.5805416712320426,GO:0016197,M1,1,0,GO Biological Processes,19,endosomal transport,19_GO:0051179 localization,-2.5805416712320426,3.12084478021978,3.6373128229176213,30293,260,336,9,2.6785714285714284,0.88081806868196,19|7840|9230|9367|9765|26088|51542|93343|124997,ABCA1|ALMS1|RAB11B|RAB9A|ZFYVE16|GGA1|VPS54|MVB12A|WDR81,-0.261959585316612,0,21,1,1,-2.5805416712320426,8.452287946428573,
1,-2.276859529719959,GO:0034394,M1,1,0,GO Biological Processes,19,protein localization to cell surface,19_GO:0051179 localization,-2.276859529719959,8.452287946428573,4.466912357697846,30293,32,336,3,0.8928571428571429,0.5131848513849198,9860|26088|51542,LRIG2|GGA1|VPS54,-0.12057004624757463,0,21,0,0,-2.5805416712320426,8.452287946428573,
1,-2.5773865392842867,GO:0006338,M1,1,0,GO Biological Processes,19,chromatin remodeling,19_GO:0009987 cellular process,-2.5773865392842867,2.2226869176021715,3.3346761589017295,30293,649,336,16,4.761904761904762,1.1617858011292062,3065|3717|5187|7994|8284|9219|9869|11177|23451|23774|25862|51720|54880|57602|79813|201973,HDAC1|JAK2|PER1|KAT6A|KDM5D|MTA2|SETDB1|BAZ1A|SF3B1|BRD1|USP49|UIMC1|BCOR|USP36|EHMT1|PRIMPOL,-0.261959585316612,0,22,1,1,-2.5773865392842867,2.2226869176021715,
1,-2.4619617402547305,GO:0006325,M1,1,0,GO Biological Processes,19,chromatin organization,19_GO:0009987 cellular process,-2.4619617402547305,2.051629944013003,3.174021828278605,30293,791,336,18,5.357142857142857,1.228403079353203,3065|3717|5187|7994|8284|9219|9869|11177|23451|23774|25862|51460|51720|54880|56946|57602|79813|201973,HDAC1|JAK2|PER1|KAT6A|KDM5D|MTA2|SETDB1|BAZ1A|SF3B1|BRD1|USP49|SFMBT1|UIMC1|BCOR|EMSY|USP36|EHMT1|PRIMPOL,-0.19829681009612465,0,22,0,0,-2.5773865392842867,2.2226869176021715,
1,-2.5761155077384785,GO:0007169,M1,1,0,GO Biological Processes,19,transmembrane receptor protein tyrosine kinase signaling pathway,19_GO:0050896 response to stimulus,-2.5761155077384785,2.58826042378674,3.462903196574059,30293,418,336,12,3.5714285714285716,1.012404838417573,27|836|858|1136|3717|5829|7297|8822|9564|29988|55512|200958,ABL2|CASP3|CAV2|CHRNA3|JAK2|PXN|TYK2|FGF17|BCAR1|SLC2A8|SMPD3|MUC20,-0.261959585316612,0,23,1,1,-2.5761155077384785,7.310086872586874,
1,-2.3617980441262034,GO:0007167,M1,1,0,GO Biological Processes,19,enzyme-linked receptor protein signaling pathway,19_GO:0050896 response to stimulus,-2.3617980441262034,2.1742219797887,3.1337457583086525,30293,622,336,15,4.464285714285714,1.1266505411767733,27|836|858|1136|1655|3717|5829|7297|7554|8822|9564|29988|55512|117166|200958,ABL2|CASP3|CAV2|CHRNA3|DDX5|JAK2|PXN|TYK2|ZNF8|FGF17|BCAR1|SLC2A8|SMPD3|WFIKKN1|MUC20,-0.15407426975398575,0,23,0,0,-2.5761155077384785,7.310086872586874,
1,-2.099594208829074,GO:0048008,M1,1,0,GO Biological Processes,19,platelet-derived growth factor receptor signaling pathway,19_GO:0050896 response to stimulus,-2.099594208829074,7.310086872586874,4.067381394292004,30293,37,336,3,0.8928571428571429,0.5131848513849198,3717|9564|55512,JAK2|BCAR1|SMPD3,0.0,0,23,0,0,-2.5761155077384785,7.310086872586874,
1,-2.517266965384634,GO:0046605,M1,1,0,GO Biological Processes,19,regulation of centrosome cycle,19_GO:0050789 regulation of biological process,-2.517266965384634,6.678350970017636,4.423029668968558,30293,54,336,4,1.1904761904761905,0.5916844032071458,7840|22994|56890|57018,ALMS1|CEP131|MDM1|CCNL1,-0.24287816983425492,0,24,1,1,-2.517266965384634,6.678350970017636,
1,-2.4179217132297315,GO:0008585,M1,1,0,GO Biological Processes,19,female gonad development,19_GO:0022414 reproductive process,-2.4179217132297315,4.847190220174091,3.9351937149253144,30293,93,336,5,1.4880952380952381,0.6605262520734665,836|2189|9353|57122|91603,CASP3|FANCG|SLIT2|NUP107|ZNF830,-0.16986185640170176,0,25,1,1,-2.4179217132297315,4.847190220174091,
1,-2.340012768007901,GO:0046545,M1,1,0,GO Biological Processes,19,development of primary female sexual characteristics,19_GO:0022414 reproductive process,-2.340012768007901,4.647306087383407,3.8103759145644784,30293,97,336,5,1.4880952380952381,0.6605262520734665,836|2189|9353|57122|91603,CASP3|FANCG|SLIT2|NUP107|ZNF830,-0.14971037888379043,0,25,0,0,-2.4179217132297315,4.847190220174091,
1,-2.0796568870599352,GO:0046660,M1,1,0,GO Biological Processes,19,female sex differentiation,19_GO:0022414 reproductive process,-2.0796568870599352,4.024899022108843,3.3965462545271397,30293,112,336,5,1.4880952380952381,0.6605262520734665,836|2189|9353|57122|91603,CASP3|FANCG|SLIT2|NUP107|ZNF830,0.0,0,25,0,0,-2.4179217132297315,4.847190220174091,
1,-2.3492818192567397,GO:0043122,M1,1,0,GO Biological Processes,19,regulation of canonical NF-kappaB signal transduction,19_GO:0050896 response to stimulus,-2.3492818192567397,2.87737462006079,3.3544375904661856,30293,282,336,9,2.6785714285714284,0.88081806868196,2950|3065|4215|4792|5187|10206|55367|57161|64170,GSTP1|HDAC1|MAP3K3|NFKBIA|PER1|TRIM13|PIDD1|PELI2|CARD9,-0.15407426975398575,0,26,1,1,-2.3492818192567397,5.911982825917252,
1,-2.326009921671182,GO:0043124,M1,1,0,GO Biological Processes,19,negative regulation of canonical NF-kappaB signal transduction,19_GO:0048519 negative regulation of biological process,-2.326009921671182,5.911982825917252,4.066986874505398,30293,61,336,4,1.1904761904761905,0.5916844032071458,2950|3065|4792|5187,GSTP1|HDAC1|NFKBIA|PER1,-0.14853113912885962,0,26,0,0,-2.3492818192567397,5.911982825917252,
1,-2.316070640349382,GO:0006506,M1,1,0,GO Biological Processes,19,GPI anchor biosynthetic process,19_GO:0008152 metabolic process,-2.316070640349382,8.724942396313365,4.5573432095644835,30293,31,336,3,0.8928571428571429,0.5131848513849198,5277|93210|128869,PIGA|PGAP3|PIGU,-0.14719202956897698,0,27,1,1,-2.316070640349382,8.724942396313365,
1,-2.276859529719959,GO:0006505,M1,1,0,GO Biological Processes,19,GPI anchor metabolic process,19_GO:0008152 metabolic process,-2.276859529719959,8.452287946428573,4.466912357697846,30293,32,336,3,0.8928571428571429,0.5131848513849198,5277|93210|128869,PIGA|PGAP3|PIGU,-0.12057004624757463,0,27,0,0,-2.316070640349382,8.724942396313365,
1,-2.257460105838972,GO:0045055,M1,1,0,GO Biological Processes,19,regulated exocytosis,19_GO:0051179 localization,-2.257460105838972,3.7565724206349214,3.5115483292528498,30293,144,336,6,1.7857142857142858,0.7224764229577564,9230|27040|55114|84283|148281|201294,RAB11B|LAT|ARHGAP17|TMEM79|SYT6|UNC13D,-0.10528718856141958,0,28,1,1,-2.257460105838972,3.7565724206349214,
1,-2.161047850313009,GO:0018193,M1,1,0,GO Biological Processes,19,peptidyl-amino acid modification,19_GO:0008152 metabolic process,-2.161047850313009,2.2031026226279984,2.9649623490292143,30293,532,336,13,3.869047619047619,1.0521169595186919,27|1760|2872|3717|4820|5352|7994|9706|10491|57337|60509|79813|92715,ABL2|DMPK|MKNK2|JAK2|NKTR|PLOD2|KAT6A|ULK2|CRTAP|SENP7|AGBL5|EHMT1|DPH7,-0.03278709044086802,0,29,1,1,-2.161047850313009,2.2031026226279984,
1,-2.065494392318838,GO:0031344,M1,1,0,GO Biological Processes,19,regulation of cell projection organization,19_GO:0050789 regulation of biological process,-2.065494392318838,2.012449511054422,2.8108819486320535,30293,672,336,15,4.464285714285714,1.1266505411767733,27|1136|1856|4957|5454|9353|9706|9860|23129|26051|51364|57187|64175|116985|126520,ABL2|CHRNA3|DVL2|ODF2|POU3F2|SLIT2|ULK2|LRIG2|PLXND1|PPP1R16B|ZMYND10|THOC2|P3H1|ARAP1|PLK5,0.0,0,30,1,1,-2.065494392318838,2.012449511054422,
