Name,Category,CategoryID,GO,Description,PARENT_GO,LogP,Enrichment,Z-score,#TotalGeneInLibrary,#GeneInGO,#GeneInHitList,#GeneInGOAndHitList,%InGO,STDV %InGO,GeneID,Hits,Log(q-value)
MyList,GO Biological Processes,19,GO:0006259,DNA metabolic process,19_GO:0008152 metabolic process,-8.5,4.2,7.8,30293,766,224,24,11,2.1,1763|2176|2178|2189|4176|6929|8555|9219|9656|11177|11232|23503|51542|51720|55512|56946|63922|79447|79661|79813|80233|80820|91603|201973,DNA2|FANCC|FANCE|FANCG|MCM7|TCF3|CDC14B|MTA2|MDC1|BAZ1A|POLG2|ZFYVE26|VPS54|UIMC1|SMPD3|EMSY|CHTF18|PAGR1|NEIL1|EHMT1|FAAP100|EEPD1|ZNF830|PRIMPOL,-5.8
MyList,GO Biological Processes,19,GO:0051028,mRNA transport,19_GO:0051179 localization,-7.4,11,9.4,30293,126,224,10,4.5,1.4,6428|7175|8086|9877|22794|23165|23279|57122|57187|65110,SRSF3|TPR|AAAS|ZC3H11A|CASC3|NUP205|NUP160|NUP107|THOC2|UPF3A,-4.8
MyList,GO Biological Processes,19,GO:0050658,RNA transport,19_GO:0051179 localization,-6.6,8.7,8.3,30293,155,224,10,4.5,1.4,6428|7175|8086|9877|22794|23165|23279|57122|57187|65110,SRSF3|TPR|AAAS|ZC3H11A|CASC3|NUP205|NUP160|NUP107|THOC2|UPF3A,-4
MyList,GO Biological Processes,19,GO:0050657,nucleic acid transport,19_GO:0051179 localization,-6.6,8.7,8.3,30293,155,224,10,4.5,1.4,6428|7175|8086|9877|22794|23165|23279|57122|57187|65110,SRSF3|TPR|AAAS|ZC3H11A|CASC3|NUP205|NUP160|NUP107|THOC2|UPF3A,-4
MyList,GO Biological Processes,19,GO:0006974,DNA damage response,19_GO:0050896 response to stimulus,-6.6,3.7,6.6,30293,761,224,21,9.4,1.9,836|842|1763|2176|2178|2189|3665|4176|8555|9656|23054|23503|51720|55367|56946|79447|79661|80233|80820|91603|201973,CASP3|CASP9|DNA2|FANCC|FANCE|FANCG|IRF7|MCM7|CDC14B|MDC1|NCOA6|ZFYVE26|UIMC1|PIDD1|EMSY|PAGR1|NEIL1|FAAP100|EEPD1|ZNF830|PRIMPOL,-4
MyList,GO Biological Processes,19,GO:0051236,establishment of RNA localization,19_GO:0051179 localization,-6.5,8.6,8.3,30293,157,224,10,4.5,1.4,6428|7175|8086|9877|22794|23165|23279|57122|57187|65110,SRSF3|TPR|AAAS|ZC3H11A|CASC3|NUP205|NUP160|NUP107|THOC2|UPF3A,-4
MyList,GO Biological Processes,19,GO:0008380,RNA splicing,19_GO:0008152 metabolic process,-6.3,4.9,6.9,30293,411,224,15,6.7,1.7,1655|5411|6428|11129|22794|23451|23524|25862|55596|57187|57461|81576|83759|84811|91603,DDX5|PNN|SRSF3|CLASRP|CASC3|SF3B1|SRRM2|USP49|ZCCHC8|THOC2|ISY1|YJU2B|RBM4B|BUD13|ZNF830,-3.8
MyList,GO Biological Processes,19,GO:0006406,mRNA export from nucleus,19_GO:0051179 localization,-6.2,14,9.4,30293,66,224,7,3.1,1.2,6428|7175|9877|22794|23279|57122|57187,SRSF3|TPR|ZC3H11A|CASC3|NUP160|NUP107|THOC2,-3.8
MyList,GO Biological Processes,19,GO:0006403,RNA localization,19_GO:0051179 localization,-6.1,7.6,7.6,30293,177,224,10,4.5,1.4,6428|7175|8086|9877|22794|23165|23279|57122|57187|65110,SRSF3|TPR|AAAS|ZC3H11A|CASC3|NUP205|NUP160|NUP107|THOC2|UPF3A,-3.6
MyList,GO Biological Processes,19,GO:0000377,"RNA splicing, via transesterification reactions with bulged adenosine as nucleophile",19_GO:0008152 metabolic process,-5.9,5.9,7,30293,277,224,12,5.4,1.5,1655|5411|6428|22794|23451|23524|25862|55596|57461|81576|83759|84811,DDX5|PNN|SRSF3|CASC3|SF3B1|SRRM2|USP49|ZCCHC8|ISY1|YJU2B|RBM4B|BUD13,-3.5
MyList,GO Biological Processes,19,GO:0000398,"mRNA splicing, via spliceosome",19_GO:0008152 metabolic process,-5.9,5.9,7,30293,277,224,12,5.4,1.5,1655|5411|6428|22794|23451|23524|25862|55596|57461|81576|83759|84811,DDX5|PNN|SRSF3|CASC3|SF3B1|SRRM2|USP49|ZCCHC8|ISY1|YJU2B|RBM4B|BUD13,-3.5
MyList,GO Biological Processes,19,GO:0000375,"RNA splicing, via transesterification reactions",19_GO:0008152 metabolic process,-5.9,5.8,6.9,30293,281,224,12,5.4,1.5,1655|5411|6428|22794|23451|23524|25862|55596|57461|81576|83759|84811,DDX5|PNN|SRSF3|CASC3|SF3B1|SRRM2|USP49|ZCCHC8|ISY1|YJU2B|RBM4B|BUD13,-3.4
MyList,GO Biological Processes,19,GO:0016071,mRNA metabolic process,19_GO:0008152 metabolic process,-5.7,3.8,6.1,30293,648,224,18,8,1.8,1655|5411|6428|11129|11340|22794|23451|23524|25862|55596|57187|57461|81576|83759|84811|91603|192669|196513,DDX5|PNN|SRSF3|CLASRP|EXOSC8|CASC3|SF3B1|SRRM2|USP49|ZCCHC8|THOC2|ISY1|YJU2B|RBM4B|BUD13|ZNF830|AGO3|DCP1B,-3.3
MyList,GO Biological Processes,19,GO:0006913,nucleocytoplasmic transport,19_GO:0051179 localization,-5.6,6,6.8,30293,247,224,11,4.9,1.4,4792|6428|7175|8086|9877|22794|23165|23279|57122|57187|60468,NFKBIA|SRSF3|TPR|AAAS|ZC3H11A|CASC3|NUP205|NUP160|NUP107|THOC2|BACH2,-3.2
MyList,GO Biological Processes,19,GO:0051169,nuclear transport,19_GO:0051179 localization,-5.6,6,6.8,30293,248,224,11,4.9,1.4,4792|6428|7175|8086|9877|22794|23165|23279|57122|57187|60468,NFKBIA|SRSF3|TPR|AAAS|ZC3H11A|CASC3|NUP205|NUP160|NUP107|THOC2|BACH2,-3.2
MyList,GO Biological Processes,19,GO:0006405,RNA export from nucleus,19_GO:0051179 localization,-5.5,11,8.1,30293,85,224,7,3.1,1.2,6428|7175|9877|22794|23279|57122|57187,SRSF3|TPR|ZC3H11A|CASC3|NUP160|NUP107|THOC2,-3.1
MyList,GO Biological Processes,19,GO:0006397,mRNA processing,19_GO:0008152 metabolic process,-5.4,4.1,6,30293,491,224,15,6.7,1.7,1655|5411|6428|11129|22794|23451|23524|25862|55596|57187|57461|81576|83759|84811|91603,DDX5|PNN|SRSF3|CLASRP|CASC3|SF3B1|SRRM2|USP49|ZCCHC8|THOC2|ISY1|YJU2B|RBM4B|BUD13|ZNF830,-3
MyList,GO Biological Processes,19,GO:0015931,nucleobase-containing compound transport,19_GO:0051179 localization,-5.2,6.1,6.6,30293,221,224,10,4.5,1.4,6428|7175|8086|9877|22794|23165|23279|57122|57187|65110,SRSF3|TPR|AAAS|ZC3H11A|CASC3|NUP205|NUP160|NUP107|THOC2|UPF3A,-2.9
MyList,GO Biological Processes,19,GO:0006281,DNA repair,19_GO:0050896 response to stimulus,-5.2,4,5.9,30293,508,224,15,6.7,1.7,1763|2176|2178|2189|4176|8555|9656|23503|51720|56946|79447|79661|80233|80820|201973,DNA2|FANCC|FANCE|FANCG|MCM7|CDC14B|MDC1|ZFYVE26|UIMC1|EMSY|PAGR1|NEIL1|FAAP100|EEPD1|PRIMPOL,-2.9
MyList,GO Biological Processes,19,GO:0034655,nucleobase-containing compound catabolic process,19_GO:0008152 metabolic process,-5.1,4.9,6.2,30293,330,224,12,5.4,1.5,1655|1763|2023|10179|11340|22794|30833|51542|55596|79661|192669|196513,DDX5|DNA2|ENO1|RBM7|EXOSC8|CASC3|NT5C|VPS54|ZCCHC8|NEIL1|AGO3|DCP1B,-2.8
MyList,GO Biological Processes,19,GO:0044270,cellular nitrogen compound catabolic process,19_GO:0008152 metabolic process,-4.7,4.4,5.7,30293,368,224,12,5.4,1.5,1655|1763|2023|10179|11340|22794|30833|51542|55596|79661|192669|196513,DDX5|DNA2|ENO1|RBM7|EXOSC8|CASC3|NT5C|VPS54|ZCCHC8|NEIL1|AGO3|DCP1B,-2.4
MyList,GO Biological Processes,19,GO:0046700,heterocycle catabolic process,19_GO:0008152 metabolic process,-4.7,4.4,5.7,30293,369,224,12,5.4,1.5,1655|1763|2023|10179|11340|22794|30833|51542|55596|79661|192669|196513,DDX5|DNA2|ENO1|RBM7|EXOSC8|CASC3|NT5C|VPS54|ZCCHC8|NEIL1|AGO3|DCP1B,-2.4
MyList,GO Biological Processes,19,GO:0006325,chromatin organization,19_GO:0009987 cellular process,-4.6,3.1,5.1,30293,791,224,18,8,1.8,3065|3717|5187|7994|8284|9219|9869|11177|23451|23774|25862|51460|51720|54880|56946|57602|79813|201973,HDAC1|JAK2|PER1|KAT6A|KDM5D|MTA2|SETDB1|BAZ1A|SF3B1|BRD1|USP49|SFMBT1|UIMC1|BCOR|EMSY|USP36|EHMT1|PRIMPOL,-2.3
MyList,GO Biological Processes,19,GO:0006338,chromatin remodeling,19_GO:0009987 cellular process,-4.5,3.3,5.2,30293,649,224,16,7.1,1.7,3065|3717|5187|7994|8284|9219|9869|11177|23451|23774|25862|51720|54880|57602|79813|201973,HDAC1|JAK2|PER1|KAT6A|KDM5D|MTA2|SETDB1|BAZ1A|SF3B1|BRD1|USP49|UIMC1|BCOR|USP36|EHMT1|PRIMPOL,-2.2
MyList,GO Biological Processes,19,GO:0006401,RNA catabolic process,19_GO:0008152 metabolic process,-4.5,6.6,6.2,30293,165,224,8,3.6,1.2,1655|1763|10179|11340|22794|55596|192669|196513,DDX5|DNA2|RBM7|EXOSC8|CASC3|ZCCHC8|AGO3|DCP1B,-2.2
MyList,GO Biological Processes,19,GO:0019439,aromatic compound catabolic process,19_GO:0008152 metabolic process,-4.4,4.2,5.4,30293,388,224,12,5.4,1.5,1655|1763|2023|10179|11340|22794|30833|51542|55596|79661|192669|196513,DDX5|DNA2|ENO1|RBM7|EXOSC8|CASC3|NT5C|VPS54|ZCCHC8|NEIL1|AGO3|DCP1B,-2.2
MyList,GO Biological Processes,19,GO:0006264,mitochondrial DNA replication,19_GO:0008152 metabolic process,-4.3,41,11,30293,10,224,3,1.3,0.77,1763|11232|201973,DNA2|POLG2|PRIMPOL,-2.1
MyList,GO Biological Processes,19,GO:0051168,nuclear export,19_GO:0051179 localization,-4.2,7.1,6.1,30293,133,224,7,3.1,1.2,6428|7175|9877|22794|23279|57122|57187,SRSF3|TPR|ZC3H11A|CASC3|NUP160|NUP107|THOC2,-1.9
MyList,GO Biological Processes,19,GO:1901361,organic cyclic compound catabolic process,19_GO:0008152 metabolic process,-4.1,3.9,5.1,30293,417,224,12,5.4,1.5,1655|1763|2023|10179|11340|22794|30833|51542|55596|79661|192669|196513,DDX5|DNA2|ENO1|RBM7|EXOSC8|CASC3|NT5C|VPS54|ZCCHC8|NEIL1|AGO3|DCP1B,-1.9
MyList,GO Biological Processes,19,GO:0031053,primary miRNA processing,19_GO:0048519 negative regulation of biological process,-4,31,9.4,30293,13,224,3,1.3,0.77,1655|6428|54487,DDX5|SRSF3|DGCR8,-1.7
MyList,GO Biological Processes,19,GO:0032642,regulation of chemokine production,19_GO:0032501 multicellular organismal process,-3.9,7.8,6,30293,104,224,6,2.7,1.1,177|2950|3570|4940|64170|161882,AGER|GSTP1|IL6R|OAS3|CARD9|ZFPM1,-1.7
MyList,GO Biological Processes,19,GO:0035196,miRNA processing,19_GO:0048519 negative regulation of biological process,-3.9,15,7.4,30293,35,224,4,1.8,0.88,1655|6428|54487|192669,DDX5|SRSF3|DGCR8|AGO3,-1.7
MyList,GO Biological Processes,19,GO:0010564,regulation of cell cycle process,19_GO:0050789 regulation of biological process,-3.8,2.9,4.5,30293,747,224,16,7.1,1.7,858|1763|7175|7840|8555|9656|10051|22994|23503|51720|55367|55512|57018|79447|91603|126520,CAV2|DNA2|TPR|ALMS1|CDC14B|MDC1|SMC4|CEP131|ZFYVE26|UIMC1|PIDD1|SMPD3|CCNL1|PAGR1|ZNF830|PLK5,-1.6
MyList,GO Biological Processes,19,GO:0051336,regulation of hydrolase activity,19_GO:0065007 biological regulation,-3.8,2.9,4.5,30293,753,224,16,7.1,1.7,12|27|177|842|858|3065|3717|4940|6478|23129|51735|55357|55367|64170|79661|116985,SERPINA3|ABL2|AGER|CASP9|CAV2|HDAC1|JAK2|OAS3|SIAH2|PLXND1|RAPGEF6|TBC1D2|PIDD1|CARD9|NEIL1|ARAP1,-1.5
MyList,GO Biological Processes,19,GO:0006999,nuclear pore organization,19_GO:0009987 cellular process,-3.8,27,8.7,30293,15,224,3,1.3,0.77,7175|23165|57122,TPR|NUP205|NUP107,-1.5
MyList,GO Biological Processes,19,GO:0034660,ncRNA metabolic process,19_GO:0008152 metabolic process,-3.7,3.3,4.6,30293,532,224,13,5.8,1.6,1655|4931|6428|10179|11340|26512|54487|55596|57176|65095|79587|84294|192669,DDX5|NVL|SRSF3|RBM7|EXOSC8|INTS6|DGCR8|ZCCHC8|VARS2|KRI1|CARS2|UTP23|AGO3,-1.5
MyList,GO Biological Processes,19,GO:0001824,blastocyst development,19_GO:0032502 developmental process,-3.7,7.2,5.7,30293,112,224,6,2.7,1.1,2551|10443|26469|54880|57187|91603,GABPA|N4BP2L2|PTPN18|BCOR|THOC2|ZNF830,-1.5
MyList,GO Biological Processes,19,GO:0000075,cell cycle checkpoint signaling,19_GO:0048519 negative regulation of biological process,-3.7,5.9,5.4,30293,160,224,7,3.1,1.2,1763|7175|8555|9656|51720|55367|91603,DNA2|TPR|CDC14B|MDC1|UIMC1|PIDD1|ZNF830,-1.5
MyList,GO Biological Processes,19,GO:2000318,positive regulation of T-helper 17 type immune response,19_GO:0002376 immune system process,-3.7,25,8.4,30293,16,224,3,1.3,0.77,3717|7297|64170,JAK2|TYK2|CARD9,-1.5
MyList,GO Biological Processes,19,GO:0033143,regulation of intracellular steroid hormone receptor signaling pathway,19_GO:0050896 response to stimulus,-3.7,9.3,6.1,30293,73,224,5,2.2,0.99,1655|3065|5187|8284|79447,DDX5|HDAC1|PER1|KDM5D|PAGR1,-1.5
MyList,GO Biological Processes,19,GO:0036297,interstrand cross-link repair,19_GO:0050896 response to stimulus,-3.7,14,6.8,30293,40,224,4,1.8,0.88,2176|2178|2189|80233,FANCC|FANCE|FANCG|FAAP100,-1.5
MyList,GO Biological Processes,19,GO:0007167,enzyme-linked receptor protein signaling pathway,19_GO:0050896 response to stimulus,-3.6,3,4.4,30293,622,224,14,6.2,1.6,27|836|858|1136|1655|3717|5829|7297|7554|9564|29988|55512|117166|200958,ABL2|CASP3|CAV2|CHRNA3|DDX5|JAK2|PXN|TYK2|ZNF8|BCAR1|SLC2A8|SMPD3|WFIKKN1|MUC20,-1.4
MyList,GO Biological Processes,19,GO:0032042,mitochondrial DNA metabolic process,19_GO:0008152 metabolic process,-3.6,24,8.1,30293,17,224,3,1.3,0.77,1763|11232|201973,DNA2|POLG2|PRIMPOL,-1.4
MyList,GO Biological Processes,19,GO:0031570,DNA integrity checkpoint signaling,19_GO:0048519 negative regulation of biological process,-3.6,6.9,5.5,30293,118,224,6,2.7,1.1,1763|8555|9656|51720|55367|91603,DNA2|CDC14B|MDC1|UIMC1|PIDD1|ZNF830,-1.4
MyList,GO Biological Processes,19,GO:0043122,regulation of canonical NF-kappaB signal transduction,19_GO:0050896 response to stimulus,-3.6,4.3,4.8,30293,282,224,9,4,1.3,2950|3065|4215|4792|5187|10206|55367|57161|64170,GSTP1|HDAC1|MAP3K3|NFKBIA|PER1|TRIM13|PIDD1|PELI2|CARD9,-1.4
MyList,GO Biological Processes,19,GO:0007169,transmembrane receptor protein tyrosine kinase signaling pathway,19_GO:0050896 response to stimulus,-3.5,3.6,4.5,30293,418,224,11,4.9,1.4,27|836|858|1136|3717|5829|7297|9564|29988|55512|200958,ABL2|CASP3|CAV2|CHRNA3|JAK2|PXN|TYK2|BCAR1|SLC2A8|SMPD3|MUC20,-1.4
MyList,GO Biological Processes,19,GO:0007093,mitotic cell cycle checkpoint signaling,19_GO:0048519 negative regulation of biological process,-3.4,6.4,5.3,30293,126,224,6,2.7,1.1,7175|8555|9656|51720|55367|91603,TPR|CDC14B|MDC1|UIMC1|PIDD1|ZNF830,-1.3
MyList,GO Biological Processes,19,GO:0044773,mitotic DNA damage checkpoint signaling,19_GO:0048519 negative regulation of biological process,-3.4,8.2,5.7,30293,82,224,5,2.2,0.99,8555|9656|51720|55367|91603,CDC14B|MDC1|UIMC1|PIDD1|ZNF830,-1.3
MyList,GO Biological Processes,19,GO:0006513,protein monoubiquitination,19_GO:0008152 metabolic process,-3.4,12,6.2,30293,47,224,4,1.8,0.88,2176|2178|2189|80233,FANCC|FANCE|FANCG|FAAP100,-1.3
MyList,GO Biological Processes,19,GO:0000076,DNA replication checkpoint signaling,19_GO:0048519 negative regulation of biological process,-3.4,20,7.4,30293,20,224,3,1.3,0.77,1763|9656|91603,DNA2|MDC1|ZNF830,-1.3
MyList,GO Biological Processes,19,GO:0060396,growth hormone receptor signaling pathway,19_GO:0050896 response to stimulus,-3.4,20,7.4,30293,20,224,3,1.3,0.77,3717|5829|7297,JAK2|PXN|TYK2,-1.3
MyList,GO Biological Processes,19,GO:0044774,mitotic DNA integrity checkpoint signaling,19_GO:0048519 negative regulation of biological process,-3.3,7.9,5.5,30293,86,224,5,2.2,0.99,8555|9656|51720|55367|91603,CDC14B|MDC1|UIMC1|PIDD1|ZNF830,-1.2
MyList,GO Biological Processes,19,GO:0030220,platelet formation,19_GO:0032502 developmental process,-3.3,19,7.2,30293,21,224,3,1.3,0.77,836|842|161882,CASP3|CASP9|ZFPM1,-1.2
MyList,GO Biological Processes,19,GO:0071637,regulation of monocyte chemotactic protein-1 production,19_GO:0032501 multicellular organismal process,-3.3,19,7.2,30293,21,224,3,1.3,0.77,177|2950|4940,AGER|GSTP1|OAS3,-1.2
MyList,GO Biological Processes,19,GO:0071378,cellular response to growth hormone stimulus,19_GO:0050896 response to stimulus,-3.3,19,7.2,30293,21,224,3,1.3,0.77,3717|5829|7297,JAK2|PXN|TYK2,-1.2
MyList,GO Biological Processes,19,GO:0006261,DNA-templated DNA replication,19_GO:0008152 metabolic process,-3.3,6,5,30293,135,224,6,2.7,1.1,1763|4176|11177|11232|91603|201973,DNA2|MCM7|BAZ1A|POLG2|ZNF830|PRIMPOL,-1.2
MyList,GO Biological Processes,19,GO:0031344,regulation of cell projection organization,19_GO:0050789 regulation of biological process,-3.3,2.8,4.1,30293,672,224,14,6.2,1.6,27|1136|1856|4957|5454|9353|9706|9860|23129|26051|57187|64175|116985|126520,ABL2|CHRNA3|DVL2|ODF2|POU3F2|SLIT2|ULK2|LRIG2|PLXND1|PPP1R16B|THOC2|P3H1|ARAP1|PLK5,-1.2
MyList,GO Biological Processes,19,GO:0009615,response to virus,19_GO:0044419 biological process involved in interspecies interaction between organisms,-3.2,3.6,4.3,30293,380,224,10,4.5,1.4,2023|3665|3717|4940|7297|10206|57337|64170|79798|81576,ENO1|IRF7|JAK2|OAS3|TYK2|TRIM13|SENP7|CARD9|ARMC5|YJU2B,-1.2
MyList,GO Biological Processes,19,GO:0036344,platelet morphogenesis,19_GO:0032502 developmental process,-3.2,18,6.9,30293,23,224,3,1.3,0.77,836|842|161882,CASP3|CASP9|ZFPM1,-1.1
MyList,GO Biological Processes,19,GO:0120261,regulation of heterochromatin organization,19_GO:0050789 regulation of biological process,-3.2,18,6.9,30293,23,224,3,1.3,0.77,7175|9869|11177,TPR|SETDB1|BAZ1A,-1.1
MyList,GO Biological Processes,19,GO:0031445,regulation of heterochromatin formation,19_GO:0048519 negative regulation of biological process,-3.2,18,6.9,30293,23,224,3,1.3,0.77,7175|9869|11177,TPR|SETDB1|BAZ1A,-1.1
MyList,GO Biological Processes,19,GO:0018126,protein hydroxylation,19_GO:0008152 metabolic process,-3.2,18,6.9,30293,23,224,3,1.3,0.77,5352|10491|64175,PLOD2|CRTAP|P3H1,-1.1
MyList,GO Biological Processes,19,GO:0008585,female gonad development,19_GO:0022414 reproductive process,-3.2,7.3,5.2,30293,93,224,5,2.2,0.99,836|2189|9353|57122|91603,CASP3|FANCG|SLIT2|NUP107|ZNF830,-1.1
MyList,GO Biological Processes,19,GO:0042770,signal transduction in response to DNA damage,19_GO:0050896 response to stimulus,-3.2,5.7,4.9,30293,142,224,6,2.7,1.1,842|8555|9656|51720|55367|91603,CASP9|CDC14B|MDC1|UIMC1|PIDD1|ZNF830,-1.1
MyList,GO Biological Processes,19,GO:0016073,snRNA metabolic process,19_GO:0008152 metabolic process,-3.2,10,5.7,30293,54,224,4,1.8,0.88,10179|11340|26512|55596,RBM7|EXOSC8|INTS6|ZCCHC8,-1.1
MyList,GO Biological Processes,19,GO:0006260,DNA replication,19_GO:0008152 metabolic process,-3.1,4.8,4.6,30293,198,224,7,3.1,1.2,1763|4176|11177|11232|63922|91603|201973,DNA2|MCM7|BAZ1A|POLG2|CHTF18|ZNF830|PRIMPOL,-1.1
MyList,GO Biological Processes,19,GO:0001701,in utero embryonic development,19_GO:0032502 developmental process,-3.1,3.4,4.2,30293,393,224,10,4.5,1.4,2551|10443|11232|26469|51542|54880|57187|65110|79798|91603,GABPA|N4BP2L2|POLG2|PTPN18|VPS54|BCOR|THOC2|UPF3A|ARMC5|ZNF830,-1.1
MyList,GO Biological Processes,19,GO:0016197,endosomal transport,19_GO:0051179 localization,-3.1,4.2,4.4,30293,260,224,8,3.6,1.2,19|7840|9230|9367|9765|26088|51542|124997,ABCA1|ALMS1|RAB11B|RAB9A|ZFYVE16|GGA1|VPS54|WDR81,-1.1
MyList,GO Biological Processes,19,GO:0046545,development of primary female sexual characteristics,19_GO:0022414 reproductive process,-3.1,7,5.1,30293,97,224,5,2.2,0.99,836|2189|9353|57122|91603,CASP3|FANCG|SLIT2|NUP107|ZNF830,-1.1
MyList,GO Biological Processes,19,GO:0048511,rhythmic process,19_GO:0048511 rhythmic process,-3.1,4.1,4.3,30293,267,224,8,3.6,1.2,836|1655|3065|5187|6478|9353|83759|91603,CASP3|DDX5|HDAC1|PER1|SIAH2|SLIT2|RBM4B|ZNF830,-1
MyList,GO Biological Processes,19,GO:0000002,mitochondrial genome maintenance,19_GO:0009987 cellular process,-3,16,6.4,30293,26,224,3,1.3,0.77,1763|11232|201973,DNA2|POLG2|PRIMPOL,-1
MyList,GO Biological Processes,19,GO:0010875,positive regulation of cholesterol efflux,19_GO:0051179 localization,-3,15,6.3,30293,27,224,3,1.3,0.77,19|4792|80820,ABCA1|NFKBIA|EEPD1,-0.96
MyList,GO Biological Processes,19,GO:0032740,positive regulation of interleukin-17 production,19_GO:0048518 positive regulation of biological process,-3,15,6.3,30293,27,224,3,1.3,0.77,3717|7297|64170,JAK2|TYK2|CARD9,-0.96
MyList,GO Biological Processes,19,GO:0043124,negative regulation of canonical NF-kappaB signal transduction,19_GO:0048519 negative regulation of biological process,-3,8.9,5.3,30293,61,224,4,1.8,0.88,2950|3065|4792|5187,GSTP1|HDAC1|NFKBIA|PER1,-0.94
MyList,GO Biological Processes,19,GO:0048872,homeostasis of number of cells,19_GO:0042592 homeostatic process,-3,3.9,4.2,30293,276,224,8,3.6,1.2,836|2176|3717|23774|27040|51542|64170|161882,CASP3|FANCC|JAK2|BRD1|LAT|VPS54|CARD9|ZFPM1,-0.94
MyList,GO Biological Processes,19,GO:0034470,ncRNA processing,19_GO:0008152 metabolic process,-2.9,3.3,4,30293,416,224,10,4.5,1.4,1655|4931|6428|11340|26512|54487|55596|65095|84294|192669,DDX5|NVL|SRSF3|EXOSC8|INTS6|DGCR8|ZCCHC8|KRI1|UTP23|AGO3,-0.93
MyList,GO Biological Processes,19,GO:0043009,chordate embryonic development,19_GO:0032502 developmental process,-2.9,2.7,3.8,30293,648,224,13,5.8,1.6,836|1856|2551|9968|10443|11232|26469|51542|54880|57187|65110|79798|91603,CASP3|DVL2|GABPA|MED12|N4BP2L2|POLG2|PTPN18|VPS54|BCOR|THOC2|UPF3A|ARMC5|ZNF830,-0.93
MyList,GO Biological Processes,19,GO:0048545,response to steroid hormone,19_GO:0050896 response to stimulus,-2.9,3.9,4.2,30293,280,224,8,3.6,1.2,836|842|1655|2796|3717|9353|51542|64170,CASP3|CASP9|DDX5|GNRH1|JAK2|SLIT2|VPS54|CARD9,-0.92
MyList,GO Biological Processes,19,GO:0052548,regulation of endopeptidase activity,19_GO:0008152 metabolic process,-2.9,3.8,4.1,30293,282,224,8,3.6,1.2,12|177|842|3065|3717|6478|55367|64170,SERPINA3|AGER|CASP9|HDAC1|JAK2|SIAH2|PIDD1|CARD9,-0.9
MyList,GO Biological Processes,19,GO:0060765,regulation of androgen receptor signaling pathway,19_GO:0050896 response to stimulus,-2.9,14,6,30293,29,224,3,1.3,0.77,1655|3065|8284,DDX5|HDAC1|KDM5D,-0.9
MyList,GO Biological Processes,19,GO:0120035,regulation of plasma membrane bounded cell projection organization,19_GO:0050789 regulation of biological process,-2.9,2.7,3.8,30293,656,224,13,5.8,1.6,27|1136|4957|5454|9353|9706|9860|23129|26051|57187|64175|116985|126520,ABL2|CHRNA3|ODF2|POU3F2|SLIT2|ULK2|LRIG2|PLXND1|PPP1R16B|THOC2|P3H1|ARAP1|PLK5,-0.9
MyList,GO Biological Processes,19,GO:0000077,DNA damage checkpoint signaling,19_GO:0048519 negative regulation of biological process,-2.9,6.2,4.7,30293,109,224,5,2.2,0.99,8555|9656|51720|55367|91603,CDC14B|MDC1|UIMC1|PIDD1|ZNF830,-0.89
MyList,GO Biological Processes,19,GO:1903047,mitotic cell cycle process,19_GO:0009987 cellular process,-2.9,3,3.8,30293,502,224,11,4.9,1.4,1763|7175|8086|8555|9656|10051|23503|51720|55367|55512|91603,DNA2|TPR|AAAS|CDC14B|MDC1|SMC4|ZFYVE26|UIMC1|PIDD1|SMPD3|ZNF830,-0.88
MyList,GO Biological Processes,19,GO:0048024,"regulation of mRNA splicing, via spliceosome",19_GO:0008152 metabolic process,-2.9,6.1,4.7,30293,110,224,5,2.2,0.99,1153|1655|6428|10179|65110,CIRBP|DDX5|SRSF3|RBM7|UPF3A,-0.88
MyList,GO Biological Processes,19,GO:2000316,regulation of T-helper 17 type immune response,19_GO:0002376 immune system process,-2.9,14,5.9,30293,30,224,3,1.3,0.77,3717|7297|64170,JAK2|TYK2|CARD9,-0.87
MyList,GO Biological Processes,19,GO:0030099,myeloid cell differentiation,19_GO:0032502 developmental process,-2.8,3.7,4,30293,289,224,8,3.6,1.2,836|842|3717|7994|23054|23774|51542|161882,CASP3|CASP9|JAK2|KAT6A|NCOA6|BRD1|VPS54|ZFPM1,-0.86
MyList,GO Biological Processes,19,GO:0000278,mitotic cell cycle,19_GO:0009987 cellular process,-2.8,2.8,3.7,30293,585,224,12,5.4,1.5,1763|7175|8086|8555|9656|10051|23503|51175|51720|55367|55512|91603,DNA2|TPR|AAAS|CDC14B|MDC1|SMC4|ZFYVE26|TUBE1|UIMC1|PIDD1|SMPD3|ZNF830,-0.86
MyList,GO Biological Processes,19,GO:0046660,female sex differentiation,19_GO:0022414 reproductive process,-2.8,6,4.6,30293,112,224,5,2.2,0.99,836|2189|9353|57122|91603,CASP3|FANCG|SLIT2|NUP107|ZNF830,-0.85
MyList,GO Biological Processes,19,GO:0009792,embryo development ending in birth or egg hatching,19_GO:0032502 developmental process,-2.8,2.6,3.7,30293,669,224,13,5.8,1.6,836|1856|2551|9968|10443|11232|26469|51542|54880|57187|65110|79798|91603,CASP3|DVL2|GABPA|MED12|N4BP2L2|POLG2|PTPN18|VPS54|BCOR|THOC2|UPF3A|ARMC5|ZNF830,-0.84
MyList,GO Biological Processes,19,GO:0006979,response to oxidative stress,19_GO:0050896 response to stimulus,-2.8,3.4,3.9,30293,363,224,9,4,1.3,836|2176|2882|2950|3717|4277|5829|55512|79661,CASP3|FANCC|GPX7|GSTP1|JAK2|MICB|PXN|SMPD3|NEIL1,-0.83
MyList,GO Biological Processes,19,GO:0034394,protein localization to cell surface,19_GO:0051179 localization,-2.8,13,5.7,30293,32,224,3,1.3,0.77,9860|26088|51542,LRIG2|GGA1|VPS54,-0.81
MyList,GO Biological Processes,19,GO:0051301,cell division,19_GO:0009987 cellular process,-2.8,2.9,3.7,30293,516,224,11,4.9,1.4,5454|7175|9564|10051|23503|57187|57553|91603|93323|126520|151246,POU3F2|TPR|BCAR1|SMC4|ZFYVE26|THOC2|MICAL3|ZNF830|HAUS8|PLK5|SGO2,-0.81
MyList,GO Biological Processes,19,GO:0070848,response to growth factor,19_GO:0050896 response to stimulus,-2.7,2.9,3.7,30293,519,224,11,4.9,1.4,836|858|1655|3065|5829|7175|7554|9564|55512|117166|126520,CASP3|CAV2|DDX5|HDAC1|PXN|TPR|ZNF8|BCAR1|SMPD3|WFIKKN1|PLK5,-0.79
MyList,GO Biological Processes,19,GO:0051702,biological process involved in interaction with symbiont,19_GO:0044419 biological process involved in interspecies interaction between organisms,-2.7,5.8,4.5,30293,117,224,5,2.2,0.99,858|3065|3717|9367|64170,CAV2|HDAC1|JAK2|RAB9A|CARD9,-0.79
MyList,GO Biological Processes,19,GO:0051091,positive regulation of DNA-binding transcription factor activity,19_GO:0008152 metabolic process,-2.7,4.1,4.1,30293,233,224,7,3.1,1.2,177|1856|6929|10206|55367|64170|64784,AGER|DVL2|TCF3|TRIM13|PIDD1|CARD9|CRTC3,-0.79
MyList,GO Biological Processes,19,GO:0070918,regulatory ncRNA processing,19_GO:0048519 negative regulation of biological process,-2.7,7.6,4.8,30293,71,224,4,1.8,0.88,1655|6428|54487|192669,DDX5|SRSF3|DGCR8|AGO3,-0.77
MyList,GO Biological Processes,19,GO:0141091,transforming growth factor beta receptor superfamily signaling pathway,19_GO:0050896 response to stimulus,-2.7,4.7,4.2,30293,174,224,6,2.7,1.1,858|1655|5829|7554|55512|117166,CAV2|DDX5|PXN|ZNF8|SMPD3|WFIKKN1,-0.77
MyList,GO Biological Processes,19,GO:0060416,response to growth hormone,19_GO:0050896 response to stimulus,-2.7,12,5.5,30293,34,224,3,1.3,0.77,3717|5829|7297,JAK2|PXN|TYK2,-0.75
MyList,GO Biological Processes,19,GO:0032722,positive regulation of chemokine production,19_GO:0048518 positive regulation of biological process,-2.7,7.5,4.8,30293,72,224,4,1.8,0.88,177|3570|4940|64170,AGER|IL6R|OAS3|CARD9,-0.75
MyList,GO Biological Processes,19,GO:0052547,regulation of peptidase activity,19_GO:0008152 metabolic process,-2.7,3.5,3.8,30293,306,224,8,3.6,1.2,12|177|842|3065|3717|6478|55367|64170,SERPINA3|AGER|CASP9|HDAC1|JAK2|SIAH2|PIDD1|CARD9,-0.74
MyList,GO Biological Processes,19,GO:0051347,positive regulation of transferase activity,19_GO:0065007 biological regulation,-2.7,3.2,3.7,30293,378,224,9,4,1.3,1136|1856|3570|3717|4931|8555|11232|27040|63922,CHRNA3|DVL2|IL6R|JAK2|NVL|CDC14B|POLG2|LAT|CHTF18,-0.74
MyList,GO Biological Processes,19,GO:0009725,response to hormone,19_GO:0050896 response to stimulus,-2.7,2.4,3.5,30293,780,224,14,6.2,1.6,836|842|858|1655|2796|3717|5829|7297|9353|9564|23054|29988|51542|64170,CASP3|CASP9|CAV2|DDX5|GNRH1|JAK2|PXN|TYK2|SLIT2|BCAR1|NCOA6|SLC2A8|VPS54|CARD9,-0.74
MyList,GO Biological Processes,19,GO:0006275,regulation of DNA replication,19_GO:0008152 metabolic process,-2.6,5.5,4.3,30293,123,224,5,2.2,0.99,1763|4176|11177|11232|63922,DNA2|MCM7|BAZ1A|POLG2|CHTF18,-0.72
MyList,GO Biological Processes,19,GO:1901988,negative regulation of cell cycle phase transition,19_GO:0048519 negative regulation of biological process,-2.6,3.9,3.9,30293,243,224,7,3.1,1.2,1763|7175|8555|9656|51720|55367|91603,DNA2|TPR|CDC14B|MDC1|UIMC1|PIDD1|ZNF830,-0.71
MyList,GO Biological Processes,19,GO:1901653,cellular response to peptide,19_GO:0050896 response to stimulus,-2.6,3.5,3.8,30293,311,224,8,3.6,1.2,177|858|3717|5829|7297|9564|29988|55512,AGER|CAV2|JAK2|PXN|TYK2|BCAR1|SLC2A8|SMPD3,-0.71
MyList,GO Biological Processes,19,GO:0006402,mRNA catabolic process,19_GO:0048519 negative regulation of biological process,-2.6,5.5,4.3,30293,124,224,5,2.2,0.99,1655|11340|22794|192669|196513,DDX5|EXOSC8|CASC3|AGO3|DCP1B,-0.71
MyList,GO Biological Processes,19,GO:0010975,regulation of neuron projection development,19_GO:0032502 developmental process,-2.6,2.9,3.6,30293,459,224,10,4.5,1.4,27|1136|5454|9353|9706|9860|23129|57187|64175|126520,ABL2|CHRNA3|POU3F2|SLIT2|ULK2|LRIG2|PLXND1|THOC2|P3H1|PLK5,-0.71
MyList,GO Biological Processes,19,GO:1902275,regulation of chromatin organization,19_GO:0050789 regulation of biological process,-2.6,11,5.3,30293,36,224,3,1.3,0.77,7175|9869|11177,TPR|SETDB1|BAZ1A,-0.71
MyList,GO Biological Processes,19,GO:0043484,regulation of RNA splicing,19_GO:0008152 metabolic process,-2.6,4.4,4,30293,184,224,6,2.7,1.1,1153|1655|6428|10179|57018|65110,CIRBP|DDX5|SRSF3|RBM7|CCNL1|UPF3A,-0.68
MyList,GO Biological Processes,19,GO:1901652,response to peptide,19_GO:0050896 response to stimulus,-2.6,2.9,3.6,30293,465,224,10,4.5,1.4,177|858|3717|4792|5829|7297|9564|29988|55512|64170,AGER|CAV2|JAK2|NFKBIA|PXN|TYK2|BCAR1|SLC2A8|SMPD3|CARD9,-0.68
MyList,GO Biological Processes,19,GO:0046677,response to antibiotic,19_GO:0050896 response to stimulus,-2.6,11,5.2,30293,37,224,3,1.3,0.77,3717|51542|79813,JAK2|VPS54|EHMT1,-0.68
MyList,GO Biological Processes,19,GO:0048008,platelet-derived growth factor receptor signaling pathway,19_GO:0050896 response to stimulus,-2.6,11,5.2,30293,37,224,3,1.3,0.77,3717|9564|55512,JAK2|BCAR1|SMPD3,-0.68
MyList,GO Biological Processes,19,GO:0046425,regulation of receptor signaling pathway via JAK-STAT,19_GO:0050896 response to stimulus,-2.6,6.9,4.5,30293,78,224,4,1.8,0.88,3717|4485|7297|128869,JAK2|MST1|TYK2|PIGU,-0.66
MyList,GO Biological Processes,19,GO:0032373,positive regulation of sterol transport,19_GO:0051179 localization,-2.5,10,5.1,30293,39,224,3,1.3,0.77,19|4792|80820,ABCA1|NFKBIA|EEPD1,-0.62
MyList,GO Biological Processes,19,GO:0032376,positive regulation of cholesterol transport,19_GO:0051179 localization,-2.5,10,5.1,30293,39,224,3,1.3,0.77,19|4792|80820,ABCA1|NFKBIA|EEPD1,-0.62
MyList,GO Biological Processes,19,GO:0050684,regulation of mRNA processing,19_GO:0008152 metabolic process,-2.5,5.1,4.1,30293,132,224,5,2.2,0.99,1153|1655|6428|10179|65110,CIRBP|DDX5|SRSF3|RBM7|UPF3A,-0.62
MyList,GO Biological Processes,19,GO:0032872,regulation of stress-activated MAPK cascade,19_GO:0050896 response to stimulus,-2.5,4.2,3.9,30293,191,224,6,2.7,1.1,177|1856|2950|4215|5187|64170,AGER|DVL2|GSTP1|MAP3K3|PER1|CARD9,-0.62
MyList,GO Biological Processes,19,GO:0045165,cell fate commitment,19_GO:0032502 developmental process,-2.5,3.7,3.7,30293,258,224,7,3.1,1.2,836|3570|5454|6929|23269|27319|161882,CASP3|IL6R|POU3F2|TCF3|MGA|BHLHE22|ZFPM1,-0.6
MyList,GO Biological Processes,19,GO:0070302,regulation of stress-activated protein kinase signaling cascade,19_GO:0050896 response to stimulus,-2.5,4.2,3.8,30293,194,224,6,2.7,1.1,177|1856|2950|4215|5187|64170,AGER|DVL2|GSTP1|MAP3K3|PER1|CARD9,-0.59
MyList,GO Biological Processes,19,GO:0007178,transmembrane receptor protein serine/threonine kinase signaling pathway,19_GO:0050896 response to stimulus,-2.5,4.1,3.8,30293,196,224,6,2.7,1.1,858|1655|5829|7554|55512|117166,CAV2|DDX5|PXN|ZNF8|SMPD3|WFIKKN1,-0.57
MyList,GO Biological Processes,19,GO:0051345,positive regulation of hydrolase activity,19_GO:0065007 biological regulation,-2.4,2.8,3.4,30293,487,224,10,4.5,1.4,27|177|842|858|3717|51735|55357|55367|64170|116985,ABL2|AGER|CASP9|CAV2|JAK2|RAPGEF6|TBC1D2|PIDD1|CARD9|ARAP1,-0.57
MyList,GO Biological Processes,19,GO:0046328,regulation of JNK cascade,19_GO:0050896 response to stimulus,-2.4,4.9,4,30293,137,224,5,2.2,0.99,177|1856|2950|5187|64170,AGER|DVL2|GSTP1|PER1|CARD9,-0.57
MyList,GO Biological Processes,19,GO:0002262,myeloid cell homeostasis,19_GO:0042592 homeostatic process,-2.4,4.9,4,30293,137,224,5,2.2,0.99,836|2176|3717|23774|161882,CASP3|FANCC|JAK2|BRD1|ZFPM1,-0.57
MyList,GO Biological Processes,19,GO:0071363,cellular response to growth factor stimulus,19_GO:0050896 response to stimulus,-2.4,2.8,3.4,30293,488,224,10,4.5,1.4,836|858|1655|3065|5829|7554|9564|55512|117166|126520,CASP3|CAV2|DDX5|HDAC1|PXN|ZNF8|BCAR1|SMPD3|WFIKKN1|PLK5,-0.57
MyList,GO Biological Processes,19,GO:0032365,intracellular lipid transport,19_GO:0051179 localization,-2.4,9.7,4.8,30293,42,224,3,1.3,0.77,19|225|51542,ABCA1|ABCD2|VPS54,-0.57
MyList,GO Biological Processes,19,GO:0051851,modulation by host of symbiont process,19_GO:0044419 biological process involved in interspecies interaction between organisms,-2.4,6.3,4.2,30293,86,224,4,1.8,0.88,858|3065|9367|64170,CAV2|HDAC1|RAB9A|CARD9,-0.55
MyList,GO Biological Processes,19,GO:0006997,nucleus organization,19_GO:0009987 cellular process,-2.4,4.8,3.9,30293,140,224,5,2.2,0.99,7175|23165|23306|57122|57602,TPR|NUP205|NEMP1|NUP107|USP36,-0.55
MyList,GO Biological Processes,19,GO:0015833,peptide transport,19_GO:0051179 localization,-2.4,6.1,4.2,30293,88,224,4,1.8,0.88,19|6890|9230|55512,ABCA1|TAP1|RAB11B|SMPD3,-0.52
MyList,GO Biological Processes,19,GO:0034661,ncRNA catabolic process,19_GO:0008152 metabolic process,-2.4,9.2,4.7,30293,44,224,3,1.3,0.77,10179|11340|55596,RBM7|EXOSC8|ZCCHC8,-0.52
MyList,GO Biological Processes,19,GO:0009314,response to radiation,19_GO:0050896 response to stimulus,-2.4,2.9,3.4,30293,420,224,9,4,1.3,836|842|1153|1936|2189|5187|51720|83759|201973,CASP3|CASP9|CIRBP|EEF1D|FANCG|PER1|UIMC1|RBM4B|PRIMPOL,-0.52
MyList,GO Biological Processes,19,GO:0032956,regulation of actin cytoskeleton organization,19_GO:0050789 regulation of biological process,-2.4,3.1,3.5,30293,344,224,8,3.6,1.2,27|1856|5829|7840|9353|10174|55114|116985,ABL2|DVL2|PXN|ALMS1|SLIT2|SORBS3|ARHGAP17|ARAP1,-0.52
MyList,GO Biological Processes,19,GO:0032870,cellular response to hormone stimulus,19_GO:0050896 response to stimulus,-2.4,2.7,3.3,30293,501,224,10,4.5,1.4,842|858|1655|3717|5829|7297|9353|9564|29988|51542,CASP9|CAV2|DDX5|JAK2|PXN|TYK2|SLIT2|BCAR1|SLC2A8|VPS54,-0.52
MyList,GO Biological Processes,19,GO:0045055,regulated exocytosis,19_GO:0051179 localization,-2.4,4.7,3.8,30293,144,224,5,2.2,0.99,9230|27040|55114|84283|148281,RAB11B|LAT|ARHGAP17|TMEM79|SYT6,-0.51
MyList,GO Biological Processes,19,GO:0002819,regulation of adaptive immune response,19_GO:0002376 immune system process,-2.4,3.9,3.7,30293,206,224,6,2.7,1.1,177|3665|3717|4277|7297|64170,AGER|IRF7|JAK2|MICB|TYK2|CARD9,-0.51
MyList,GO Biological Processes,19,GO:1900744,regulation of p38MAPK cascade,19_GO:0050896 response to stimulus,-2.3,9,4.6,30293,45,224,3,1.3,0.77,177|4215|5187,AGER|MAP3K3|PER1,-0.51
MyList,GO Biological Processes,19,GO:0007005,mitochondrion organization,19_GO:0009987 cellular process,-2.3,2.8,3.3,30293,430,224,9,4,1.3,858|1763|2189|9650|9706|11232|51542|124997|201973,CAV2|DNA2|FANCG|MTFR1|ULK2|POLG2|VPS54|WDR81|PRIMPOL,-0.47
MyList,GO Biological Processes,19,GO:0030097,hemopoiesis,19_GO:0032502 developmental process,-2.3,2.4,3.2,30293,680,224,12,5.4,1.5,836|842|3570|3717|6929|7994|23054|23774|51542|55512|79798|161882,CASP3|CASP9|IL6R|JAK2|TCF3|KAT6A|NCOA6|BRD1|VPS54|SMPD3|ARMC5|ZFPM1,-0.47
MyList,GO Biological Processes,19,GO:0071417,cellular response to organonitrogen compound,19_GO:0050896 response to stimulus,-2.3,2.5,3.2,30293,595,224,11,4.9,1.4,177|836|858|1136|3717|5829|7297|9353|9564|29988|55512,AGER|CASP3|CAV2|CHRNA3|JAK2|PXN|TYK2|SLIT2|BCAR1|SLC2A8|SMPD3,-0.46
MyList,GO Biological Processes,19,GO:0022602,ovulation cycle process,19_GO:0048511 rhythmic process,-2.3,8.6,4.5,30293,47,224,3,1.3,0.77,836|9353|91603,CASP3|SLIT2|ZNF830,-0.46
MyList,GO Biological Processes,19,GO:0051492,regulation of stress fiber assembly,19_GO:0050789 regulation of biological process,-2.3,5.8,4,30293,94,224,4,1.8,0.88,5829|7840|10174|116985,PXN|ALMS1|SORBS3|ARAP1,-0.45
MyList,GO Biological Processes,19,GO:1904892,regulation of receptor signaling pathway via STAT,19_GO:0050896 response to stimulus,-2.3,5.8,4,30293,94,224,4,1.8,0.88,3717|4485|7297|128869,JAK2|MST1|TYK2|PIGU,-0.45
MyList,GO Biological Processes,19,GO:0048871,multicellular organismal-level homeostasis,19_GO:0042592 homeostatic process,-2.3,2.5,3.2,30293,601,224,11,4.9,1.4,12|836|2176|3717|23774|27040|51542|64170|64784|91603|161882,SERPINA3|CASP3|FANCC|JAK2|BRD1|LAT|VPS54|CARD9|CRTC3|ZNF830|ZFPM1,-0.45
MyList,GO Biological Processes,19,GO:0032660,regulation of interleukin-17 production,19_GO:0032501 multicellular organismal process,-2.3,8.5,4.5,30293,48,224,3,1.3,0.77,3717|7297|64170,JAK2|TYK2|CARD9,-0.45
MyList,GO Biological Processes,19,GO:0090329,regulation of DNA-templated DNA replication,19_GO:0008152 metabolic process,-2.3,8.5,4.5,30293,48,224,3,1.3,0.77,4176|11232|63922,MCM7|POLG2|CHTF18,-0.45
MyList,GO Biological Processes,19,GO:0030162,regulation of proteolysis,19_GO:0008152 metabolic process,-2.3,2.5,3.1,30293,602,224,11,4.9,1.4,12|177|842|2023|3065|3717|6449|6478|9860|55367|64170,SERPINA3|AGER|CASP9|ENO1|HDAC1|JAK2|SGTA|SIAH2|LRIG2|PIDD1|CARD9,-0.45
MyList,GO Biological Processes,19,GO:0031960,response to corticosteroid,19_GO:0050896 response to stimulus,-2.2,4.4,3.7,30293,153,224,5,2.2,0.99,836|842|3717|9353|64170,CASP3|CASP9|JAK2|SLIT2|CARD9,-0.43
MyList,GO Biological Processes,19,GO:0051493,regulation of cytoskeleton organization,19_GO:0050789 regulation of biological process,-2.2,2.6,3.2,30293,522,224,10,4.5,1.4,27|1856|5829|7175|7840|9353|10174|55114|93323|116985,ABL2|DVL2|PXN|TPR|ALMS1|SLIT2|SORBS3|ARHGAP17|HAUS8|ARAP1,-0.43
MyList,GO Biological Processes,19,GO:0010950,positive regulation of endopeptidase activity,19_GO:0048518 positive regulation of biological process,-2.2,4.4,3.6,30293,154,224,5,2.2,0.99,177|842|3717|55367|64170,AGER|CASP9|JAK2|PIDD1|CARD9,-0.42
MyList,GO Biological Processes,19,GO:0010948,negative regulation of cell cycle process,19_GO:0048519 negative regulation of biological process,-2.2,3.3,3.4,30293,289,224,7,3.1,1.2,1763|7175|8555|9656|51720|55367|91603,DNA2|TPR|CDC14B|MDC1|UIMC1|PIDD1|ZNF830,-0.42
MyList,GO Biological Processes,19,GO:0150076,neuroinflammatory response,19_GO:0050896 response to stimulus,-2.2,8.1,4.3,30293,50,224,3,1.3,0.77,177|3717|51542,AGER|JAK2|VPS54,-0.41
MyList,GO Biological Processes,19,GO:0030218,erythrocyte differentiation,19_GO:0042592 homeostatic process,-2.2,5.4,3.8,30293,100,224,4,1.8,0.88,836|3717|23774|161882,CASP3|JAK2|BRD1|ZFPM1,-0.38
MyList,GO Biological Processes,19,GO:0048661,positive regulation of smooth muscle cell proliferation,19_GO:0048518 positive regulation of biological process,-2.2,5.4,3.8,30293,100,224,4,1.8,0.88,3065|3570|3717|55512,HDAC1|IL6R|JAK2|SMPD3,-0.38
MyList,GO Biological Processes,19,GO:0043281,regulation of cysteine-type endopeptidase activity involved in apoptotic process,19_GO:0008152 metabolic process,-2.2,4.2,3.5,30293,160,224,5,2.2,0.99,842|3717|6478|55367|64170,CASP9|JAK2|SIAH2|PIDD1|CARD9,-0.36
MyList,GO Biological Processes,19,GO:0000956,nuclear-transcribed mRNA catabolic process,19_GO:0048519 negative regulation of biological process,-2.2,5.3,3.8,30293,102,224,4,1.8,0.88,1655|11340|22794|196513,DDX5|EXOSC8|CASC3|DCP1B,-0.36
MyList,GO Biological Processes,19,GO:0044818,mitotic G2/M transition checkpoint,19_GO:0048519 negative regulation of biological process,-2.1,7.7,4.2,30293,53,224,3,1.3,0.77,8555|51720|91603,CDC14B|UIMC1|ZNF830,-0.35
MyList,GO Biological Processes,19,GO:1901987,regulation of cell cycle phase transition,19_GO:0050789 regulation of biological process,-2.1,2.7,3.1,30293,456,224,9,4,1.3,1763|7175|8555|9656|51720|55367|79447|91603|126520,DNA2|TPR|CDC14B|MDC1|UIMC1|PIDD1|PAGR1|ZNF830|PLK5,-0.35
MyList,GO Biological Processes,19,GO:0046605,regulation of centrosome cycle,19_GO:0050789 regulation of biological process,-2.1,7.5,4.1,30293,54,224,3,1.3,0.77,7840|22994|57018,ALMS1|CEP131|CCNL1,-0.34
MyList,GO Biological Processes,19,GO:0010874,regulation of cholesterol efflux,19_GO:0051179 localization,-2.1,7.5,4.1,30293,54,224,3,1.3,0.77,19|4792|80820,ABCA1|NFKBIA|EEPD1,-0.34
MyList,GO Biological Processes,19,GO:0043367,"CD4-positive, alpha-beta T cell differentiation",19_GO:0002376 immune system process,-2.1,7.5,4.1,30293,54,224,3,1.3,0.77,3570|79798|161882,IL6R|ARMC5|ZFPM1,-0.34
MyList,GO Biological Processes,19,GO:0045786,negative regulation of cell cycle,19_GO:0048519 negative regulation of biological process,-2.1,2.9,3.1,30293,379,224,8,3.6,1.2,836|1763|7175|8555|9656|51720|55367|91603,CASP3|DNA2|TPR|CDC14B|MDC1|UIMC1|PIDD1|ZNF830,-0.34
MyList,GO Biological Processes,19,GO:0051056,regulation of small GTPase mediated signal transduction,19_GO:0050896 response to stimulus,-2.1,3.1,3.2,30293,303,224,7,3.1,1.2,19|27|9267|9353|55114|56882|116985,ABCA1|ABL2|CYTH1|SLIT2|ARHGAP17|CDC42SE1|ARAP1,-0.34
MyList,GO Biological Processes,19,GO:0045930,negative regulation of mitotic cell cycle,19_GO:0048519 negative regulation of biological process,-2.1,3.5,3.3,30293,231,224,6,2.7,1.1,7175|8555|9656|51720|55367|91603,TPR|CDC14B|MDC1|UIMC1|PIDD1|ZNF830,-0.34
MyList,GO Biological Processes,19,GO:1901699,cellular response to nitrogen compound,19_GO:0050896 response to stimulus,-2.1,2.4,3,30293,632,224,11,4.9,1.4,177|836|858|1136|3717|5829|7297|9353|9564|29988|55512,AGER|CASP3|CAV2|CHRNA3|JAK2|PXN|TYK2|SLIT2|BCAR1|SLC2A8|SMPD3,-0.33
MyList,GO Biological Processes,19,GO:0110020,regulation of actomyosin structure organization,19_GO:0050789 regulation of biological process,-2.1,5.2,3.7,30293,105,224,4,1.8,0.88,5829|7840|10174|116985,PXN|ALMS1|SORBS3|ARAP1,-0.33
MyList,GO Biological Processes,19,GO:0042886,amide transport,19_GO:0051179 localization,-2.1,4.1,3.4,30293,166,224,5,2.2,0.99,19|6890|9230|51542|55512,ABCA1|TAP1|RAB11B|VPS54|SMPD3,-0.32
MyList,GO Biological Processes,19,GO:0032970,regulation of actin filament-based process,19_GO:0050789 regulation of biological process,-2.1,2.8,3.1,30293,385,224,8,3.6,1.2,27|1856|5829|7840|9353|10174|55114|116985,ABL2|DVL2|PXN|ALMS1|SLIT2|SORBS3|ARHGAP17|ARAP1,-0.32
MyList,GO Biological Processes,19,GO:0032231,regulation of actin filament bundle assembly,19_GO:0050789 regulation of biological process,-2.1,5.1,3.6,30293,107,224,4,1.8,0.88,5829|7840|10174|116985,PXN|ALMS1|SORBS3|ARAP1,-0.31
MyList,GO Biological Processes,19,GO:0051090,regulation of DNA-binding transcription factor activity,19_GO:0008152 metabolic process,-2.1,2.8,3.1,30293,386,224,8,3.6,1.2,177|1856|4792|6929|10206|55367|64170|64784,AGER|DVL2|NFKBIA|TCF3|TRIM13|PIDD1|CARD9|CRTC3,-0.31
MyList,GO Biological Processes,19,GO:0010952,positive regulation of peptidase activity,19_GO:0048518 positive regulation of biological process,-2.1,4,3.4,30293,168,224,5,2.2,0.99,177|842|3717|55367|64170,AGER|CASP9|JAK2|PIDD1|CARD9,-0.31
MyList,GO Biological Processes,19,GO:0006887,exocytosis,19_GO:0051179 localization,-2.1,3.4,3.2,30293,236,224,6,2.7,1.1,9230|27040|55114|57553|84283|148281,RAB11B|LAT|ARHGAP17|MICAL3|TMEM79|SYT6,-0.31
MyList,GO Biological Processes,19,GO:0051338,regulation of transferase activity,19_GO:0065007 biological regulation,-2.1,2.3,2.9,30293,644,224,11,4.9,1.4,1136|1856|2950|3570|3717|4485|4931|8555|11232|27040|63922,CHRNA3|DVL2|GSTP1|IL6R|JAK2|MST1|NVL|CDC14B|POLG2|LAT|CHTF18,-0.3
MyList,GO Biological Processes,19,GO:0034101,erythrocyte homeostasis,19_GO:0042592 homeostatic process,-2.1,5,3.6,30293,109,224,4,1.8,0.88,836|3717|23774|161882,CASP3|JAK2|BRD1|ZFPM1,-0.3
MyList,GO Biological Processes,19,GO:0032760,positive regulation of tumor necrosis factor production,19_GO:0048518 positive regulation of biological process,-2.1,5,3.6,30293,109,224,4,1.8,0.88,177|3717|4940|64170,AGER|JAK2|OAS3|CARD9,-0.3
MyList,GO Biological Processes,19,GO:0043280,positive regulation of cysteine-type endopeptidase activity involved in apoptotic process,19_GO:0048518 positive regulation of biological process,-2,4.9,3.5,30293,111,224,4,1.8,0.88,842|3717|55367|64170,CASP9|JAK2|PIDD1|CARD9,-0.28
MyList,GO Biological Processes,19,GO:0046822,regulation of nucleocytoplasmic transport,19_GO:0051179 localization,-2,4.8,3.5,30293,112,224,4,1.8,0.88,3717|7175|8086|57187,JAK2|TPR|AAAS|THOC2,-0.26
MyList,GO Biological Processes,19,GO:0001959,regulation of cytokine-mediated signaling pathway,19_GO:0050896 response to stimulus,-2,3.9,3.3,30293,175,224,5,2.2,0.99,2950|3665|4940|9353|56928,GSTP1|IRF7|OAS3|SLIT2|SPPL2B,-0.26
MyList_MCODE_ALL,GO Biological Processes,19,GO:0051028,mRNA transport,19_GO:0051179 localization,-14,64,24,30293,126,34,9,26,7.6,6428|7175|8086|9877|22794|23165|23279|57122|57187,SRSF3|TPR|AAAS|ZC3H11A|CASC3|NUP205|NUP160|NUP107|THOC2,-11
MyList_MCODE_ALL,GO Biological Processes,19,GO:0050658,RNA transport,19_GO:0051179 localization,-13,52,21,30293,155,34,9,26,7.6,6428|7175|8086|9877|22794|23165|23279|57122|57187,SRSF3|TPR|AAAS|ZC3H11A|CASC3|NUP205|NUP160|NUP107|THOC2,-9.9
MyList_MCODE_ALL,GO Biological Processes,19,GO:0050657,nucleic acid transport,19_GO:0051179 localization,-13,52,21,30293,155,34,9,26,7.6,6428|7175|8086|9877|22794|23165|23279|57122|57187,SRSF3|TPR|AAAS|ZC3H11A|CASC3|NUP205|NUP160|NUP107|THOC2,-9.9
MyList_MCODE_ALL,GO Biological Processes,19,GO:0051236,establishment of RNA localization,19_GO:0051179 localization,-13,51,21,30293,157,34,9,26,7.6,6428|7175|8086|9877|22794|23165|23279|57122|57187,SRSF3|TPR|AAAS|ZC3H11A|CASC3|NUP205|NUP160|NUP107|THOC2,-9.9
MyList_MCODE_ALL,GO Biological Processes,19,GO:0006913,nucleocytoplasmic transport,19_GO:0051179 localization,-13,36,19,30293,247,34,10,29,7.8,4792|6428|7175|8086|9877|22794|23165|23279|57122|57187,NFKBIA|SRSF3|TPR|AAAS|ZC3H11A|CASC3|NUP205|NUP160|NUP107|THOC2,-9.9
MyList_MCODE_ALL,GO Biological Processes,19,GO:0051169,nuclear transport,19_GO:0051179 localization,-13,36,19,30293,248,34,10,29,7.8,4792|6428|7175|8086|9877|22794|23165|23279|57122|57187,NFKBIA|SRSF3|TPR|AAAS|ZC3H11A|CASC3|NUP205|NUP160|NUP107|THOC2,-9.9
MyList_MCODE_ALL,GO Biological Processes,19,GO:0006403,RNA localization,19_GO:0051179 localization,-13,45,20,30293,177,34,9,26,7.6,6428|7175|8086|9877|22794|23165|23279|57122|57187,SRSF3|TPR|AAAS|ZC3H11A|CASC3|NUP205|NUP160|NUP107|THOC2,-9.5
MyList_MCODE_ALL,GO Biological Processes,19,GO:0006406,mRNA export from nucleus,19_GO:0051179 localization,-12,94,25,30293,66,34,7,21,6.9,6428|7175|9877|22794|23279|57122|57187,SRSF3|TPR|ZC3H11A|CASC3|NUP160|NUP107|THOC2,-9.1
MyList_MCODE_ALL,GO Biological Processes,19,GO:0015931,nucleobase-containing compound transport,19_GO:0051179 localization,-12,36,18,30293,221,34,9,26,7.6,6428|7175|8086|9877|22794|23165|23279|57122|57187,SRSF3|TPR|AAAS|ZC3H11A|CASC3|NUP205|NUP160|NUP107|THOC2,-8.7
MyList_MCODE_ALL,GO Biological Processes,19,GO:0006405,RNA export from nucleus,19_GO:0051179 localization,-11,73,22,30293,85,34,7,21,6.9,6428|7175|9877|22794|23279|57122|57187,SRSF3|TPR|ZC3H11A|CASC3|NUP160|NUP107|THOC2,-8.4
MyList_MCODE_ALL,GO Biological Processes,19,GO:0051168,nuclear export,19_GO:0051179 localization,-9.9,47,18,30293,133,34,7,21,6.9,6428|7175|9877|22794|23279|57122|57187,SRSF3|TPR|ZC3H11A|CASC3|NUP160|NUP107|THOC2,-7.1
MyList_MCODE_ALL,GO Biological Processes,19,GO:0036297,interstrand cross-link repair,19_GO:0050896 response to stimulus,-6.9,89,19,30293,40,34,4,12,5.5,2176|2178|2189|80233,FANCC|FANCE|FANCG|FAAP100,-4.3
MyList_MCODE_ALL,GO Biological Processes,19,GO:0006513,protein monoubiquitination,19_GO:0008152 metabolic process,-6.6,76,17,30293,47,34,4,12,5.5,2176|2178|2189|80233,FANCC|FANCE|FANCG|FAAP100,-4
MyList_MCODE_ALL,GO Biological Processes,19,GO:0008380,RNA splicing,19_GO:0008152 metabolic process,-6.5,15,9.7,30293,411,34,7,21,6.9,1655|6428|22794|23451|23524|57187|84811,DDX5|SRSF3|CASC3|SF3B1|SRRM2|THOC2|BUD13,-4
MyList_MCODE_ALL,GO Biological Processes,19,GO:0016071,mRNA metabolic process,19_GO:0008152 metabolic process,-6.3,11,8.6,30293,648,34,8,24,7.3,1655|6428|22794|23451|23524|57187|84811|196513,DDX5|SRSF3|CASC3|SF3B1|SRRM2|THOC2|BUD13|DCP1B,-3.8
MyList_MCODE_ALL,GO Biological Processes,19,GO:0006999,nuclear pore organization,19_GO:0009987 cellular process,-6.2,1.8e+02,23,30293,15,34,3,8.8,4.9,7175|23165|57122,TPR|NUP205|NUP107,-3.8
MyList_MCODE_ALL,GO Biological Processes,19,GO:0000377,"RNA splicing, via transesterification reactions with bulged adenosine as nucleophile",19_GO:0008152 metabolic process,-6.2,19,10,30293,277,34,6,18,6.5,1655|6428|22794|23451|23524|84811,DDX5|SRSF3|CASC3|SF3B1|SRRM2|BUD13,-3.8
MyList_MCODE_ALL,GO Biological Processes,19,GO:0000398,"mRNA splicing, via spliceosome",19_GO:0008152 metabolic process,-6.2,19,10,30293,277,34,6,18,6.5,1655|6428|22794|23451|23524|84811,DDX5|SRSF3|CASC3|SF3B1|SRRM2|BUD13,-3.8
MyList_MCODE_ALL,GO Biological Processes,19,GO:0000375,"RNA splicing, via transesterification reactions",19_GO:0008152 metabolic process,-6.2,19,10,30293,281,34,6,18,6.5,1655|6428|22794|23451|23524|84811,DDX5|SRSF3|CASC3|SF3B1|SRRM2|BUD13,-3.7
MyList_MCODE_ALL,GO Biological Processes,19,GO:0006397,mRNA processing,19_GO:0008152 metabolic process,-6,13,8.8,30293,491,34,7,21,6.9,1655|6428|22794|23451|23524|57187|84811,DDX5|SRSF3|CASC3|SF3B1|SRRM2|THOC2|BUD13,-3.5
MyList_MCODE_ALL,GO Biological Processes,19,GO:1903311,regulation of mRNA metabolic process,19_GO:0008152 metabolic process,-4.1,11,6.9,30293,399,34,5,15,6.1,1153|1655|6428|22794|196513,CIRBP|DDX5|SRSF3|CASC3|DCP1B,-1.8
MyList_MCODE_ALL,GO Biological Processes,19,GO:0006974,DNA damage response,19_GO:0050896 response to stimulus,-3.7,7,5.6,30293,761,34,6,18,6.5,2176|2178|2189|3665|8555|80233,FANCC|FANCE|FANCG|IRF7|CDC14B|FAAP100,-1.5
MyList_MCODE_ALL,GO Biological Processes,19,GO:0000956,nuclear-transcribed mRNA catabolic process,19_GO:0048519 negative regulation of biological process,-3.7,26,8.5,30293,102,34,3,8.8,4.9,1655|22794|196513,DDX5|CASC3|DCP1B,-1.5
MyList_MCODE_ALL,GO Biological Processes,19,GO:0006281,DNA repair,19_GO:0050896 response to stimulus,-3.6,8.8,5.9,30293,508,34,5,15,6.1,2176|2178|2189|8555|80233,FANCC|FANCE|FANCG|CDC14B|FAAP100,-1.4
MyList_MCODE_ALL,GO Biological Processes,19,GO:1901873,regulation of post-translational protein modification,19_GO:0008152 metabolic process,-3.6,13,6.7,30293,277,34,4,12,5.5,8555|10491|23451|64175,CDC14B|CRTAP|SF3B1|P3H1,-1.4
MyList_MCODE_ALL,GO Biological Processes,19,GO:0048024,"regulation of mRNA splicing, via spliceosome",19_GO:0008152 metabolic process,-3.6,24,8.2,30293,110,34,3,8.8,4.9,1153|1655|6428,CIRBP|DDX5|SRSF3,-1.4
MyList_MCODE_ALL,GO Biological Processes,19,GO:0070848,response to growth factor,19_GO:0050896 response to stimulus,-3.6,8.6,5.8,30293,519,34,5,15,6.1,1655|3065|7175|9564|126520,DDX5|HDAC1|TPR|BCAR1|PLK5,-1.4
MyList_MCODE_ALL,GO Biological Processes,19,GO:0006606,protein import into nucleus,19_GO:0051179 localization,-3.6,24,8.1,30293,112,34,3,8.8,4.9,4792|7175|57122,NFKBIA|TPR|NUP107,-1.4
MyList_MCODE_ALL,GO Biological Processes,19,GO:0046822,regulation of nucleocytoplasmic transport,19_GO:0051179 localization,-3.6,24,8.1,30293,112,34,3,8.8,4.9,7175|8086|57187,TPR|AAAS|THOC2,-1.4
MyList_MCODE_ALL,GO Biological Processes,19,GO:0051170,import into nucleus,19_GO:0051179 localization,-3.5,23,7.9,30293,117,34,3,8.8,4.9,4792|7175|57122,NFKBIA|TPR|NUP107,-1.4
MyList_MCODE_ALL,GO Biological Processes,19,GO:0006402,mRNA catabolic process,19_GO:0048519 negative regulation of biological process,-3.4,22,7.7,30293,124,34,3,8.8,4.9,1655|22794|196513,DDX5|CASC3|DCP1B,-1.3
MyList_MCODE_ALL,GO Biological Processes,19,GO:0050684,regulation of mRNA processing,19_GO:0008152 metabolic process,-3.4,20,7.4,30293,132,34,3,8.8,4.9,1153|1655|6428,CIRBP|DDX5|SRSF3,-1.2
MyList_MCODE_ALL,GO Biological Processes,19,GO:0006997,nucleus organization,19_GO:0009987 cellular process,-3.3,19,7.2,30293,140,34,3,8.8,4.9,7175|23165|57122,TPR|NUP205|NUP107,-1.2
MyList_MCODE_ALL,GO Biological Processes,19,GO:0002764,immune response-regulating signaling pathway,19_GO:0002376 immune system process,-3.2,10,5.8,30293,347,34,4,12,5.5,3665|4214|4792|9564,IRF7|MAP3K1|NFKBIA|BCAR1,-1.1
MyList_MCODE_ALL,GO Biological Processes,19,GO:0009266,response to temperature stimulus,19_GO:0050896 response to stimulus,-3.1,17,6.7,30293,160,34,3,8.8,4.9,1153|4792|7175,CIRBP|NFKBIA|TPR,-1.1
MyList_MCODE_ALL,GO Biological Processes,19,GO:0006401,RNA catabolic process,19_GO:0008152 metabolic process,-3.1,16,6.6,30293,165,34,3,8.8,4.9,1655|22794|196513,DDX5|CASC3|DCP1B,-1
MyList_MCODE_ALL,GO Biological Processes,19,GO:0043484,regulation of RNA splicing,19_GO:0008152 metabolic process,-2.9,15,6.2,30293,184,34,3,8.8,4.9,1153|1655|6428,CIRBP|DDX5|SRSF3,-0.93
MyList_MCODE_ALL,GO Biological Processes,19,GO:0030522,intracellular receptor signaling pathway,19_GO:0050896 response to stimulus,-2.9,14,6.1,30293,186,34,3,8.8,4.9,1655|3665|4792,DDX5|IRF7|NFKBIA,-0.92
MyList_MCODE_ALL,GO Biological Processes,19,GO:0034504,protein localization to nucleus,19_GO:0051179 localization,-2.9,14,6.1,30293,187,34,3,8.8,4.9,4792|7175|57122,NFKBIA|TPR|NUP107,-0.92
MyList_MCODE_ALL,GO Biological Processes,19,GO:0006259,DNA metabolic process,19_GO:0008152 metabolic process,-2.8,5.8,4.5,30293,766,34,5,15,6.1,2176|2178|2189|8555|80233,FANCC|FANCE|FANCG|CDC14B|FAAP100,-0.84
MyList_MCODE_ALL,GO Biological Processes,19,GO:0071363,cellular response to growth factor stimulus,19_GO:0050896 response to stimulus,-2.7,7.3,4.7,30293,488,34,4,12,5.5,1655|3065|9564|126520,DDX5|HDAC1|BCAR1|PLK5,-0.74
MyList_MCODE_ALL,GO Biological Processes,19,GO:0051301,cell division,19_GO:0009987 cellular process,-2.6,6.9,4.5,30293,516,34,4,12,5.5,7175|9564|57187|126520,TPR|BCAR1|THOC2|PLK5,-0.68
MyList_MCODE_ALL,GO Biological Processes,19,GO:0032386,regulation of intracellular transport,19_GO:0051179 localization,-2.5,10,5,30293,265,34,3,8.8,4.9,7175|8086|57187,TPR|AAAS|THOC2,-0.6
MyList_MCODE_ALL,GO Biological Processes,19,GO:0030198,extracellular matrix organization,19_GO:0009987 cellular process,-2.5,9.8,4.9,30293,273,34,3,8.8,4.9,1297|1302|10491,COL9A1|COL11A2|CRTAP,-0.57
MyList_MCODE_ALL,GO Biological Processes,19,GO:0043062,extracellular structure organization,19_GO:0009987 cellular process,-2.4,9.8,4.9,30293,274,34,3,8.8,4.9,1297|1302|10491,COL9A1|COL11A2|CRTAP,-0.57
MyList_MCODE_ALL,GO Biological Processes,19,GO:0002768,immune response-regulating cell surface receptor signaling pathway,19_GO:0002376 immune system process,-2.4,9.8,4.9,30293,274,34,3,8.8,4.9,4214|4792|9564,MAP3K1|NFKBIA|BCAR1,-0.57
MyList_MCODE_ALL,GO Biological Processes,19,GO:0045229,external encapsulating structure organization,19_GO:0009987 cellular process,-2.4,9.7,4.9,30293,275,34,3,8.8,4.9,1297|1302|10491,COL9A1|COL11A2|CRTAP,-0.57
MyList_MCODE_ALL,GO Biological Processes,19,GO:0043122,regulation of canonical NF-kappaB signal transduction,19_GO:0050896 response to stimulus,-2.4,9.5,4.8,30293,282,34,3,8.8,4.9,3065|4215|4792,HDAC1|MAP3K3|NFKBIA,-0.55
MyList_MCODE_ALL,GO Biological Processes,19,GO:0061013,regulation of mRNA catabolic process,19_GO:0048519 negative regulation of biological process,-2.4,9.3,4.7,30293,287,34,3,8.8,4.9,1153|22794|196513,CIRBP|CASC3|DCP1B,-0.53
MyList_MCODE_ALL,GO Biological Processes,19,GO:0002757,immune response-activating signaling pathway,19_GO:0002376 immune system process,-2.3,8.5,4.5,30293,314,34,3,8.8,4.9,3665|4792|9564,IRF7|NFKBIA|BCAR1,-0.45
MyList_MCODE_ALL,GO Biological Processes,19,GO:0016567,protein ubiquitination,19_GO:0008152 metabolic process,-2.3,5.6,3.9,30293,633,34,4,12,5.5,2176|2178|2189|80233,FANCC|FANCE|FANCG|FAAP100,-0.45
MyList_MCODE_ALL,GO Biological Processes,19,GO:0034655,nucleobase-containing compound catabolic process,19_GO:0008152 metabolic process,-2.2,8.1,4.3,30293,330,34,3,8.8,4.9,1655|22794|196513,DDX5|CASC3|DCP1B,-0.42
MyList_MCODE_ALL,GO Biological Processes,19,GO:0072594,establishment of protein localization to organelle,19_GO:0051179 localization,-2.2,7.7,4.2,30293,348,34,3,8.8,4.9,4792|7175|57122,NFKBIA|TPR|NUP107,-0.36
MyList_MCODE_ALL,GO Biological Processes,19,GO:1901990,regulation of mitotic cell cycle phase transition,19_GO:0050789 regulation of biological process,-2.1,7.5,4.1,30293,355,34,3,8.8,4.9,7175|8555|126520,TPR|CDC14B|PLK5,-0.34
MyList_MCODE_ALL,GO Biological Processes,19,GO:0032446,protein modification by small protein conjugation,19_GO:0008152 metabolic process,-2.1,5,3.6,30293,711,34,4,12,5.5,2176|2178|2189|80233,FANCC|FANCE|FANCG|FAAP100,-0.32
MyList_MCODE_ALL,GO Biological Processes,19,GO:0044270,cellular nitrogen compound catabolic process,19_GO:0008152 metabolic process,-2.1,7.3,4.1,30293,368,34,3,8.8,4.9,1655|22794|196513,DDX5|CASC3|DCP1B,-0.32
MyList_MCODE_ALL,GO Biological Processes,19,GO:0046700,heterocycle catabolic process,19_GO:0008152 metabolic process,-2.1,7.2,4,30293,369,34,3,8.8,4.9,1655|22794|196513,DDX5|CASC3|DCP1B,-0.32
MyList_MCODE_ALL,GO Biological Processes,19,GO:0002253,activation of immune response,19_GO:0002376 immune system process,-2.1,7,4,30293,380,34,3,8.8,4.9,3665|4792|9564,IRF7|NFKBIA|BCAR1,-0.3
MyList_MCODE_ALL,GO Biological Processes,19,GO:0071345,cellular response to cytokine stimulus,19_GO:0050896 response to stimulus,-2,4.8,3.5,30293,736,34,4,12,5.5,3665|4792|6428|7175,IRF7|NFKBIA|SRSF3|TPR,-0.29
MyList_MCODE_ALL,GO Biological Processes,19,GO:0019439,aromatic compound catabolic process,19_GO:0008152 metabolic process,-2,6.9,3.9,30293,388,34,3,8.8,4.9,1655|22794|196513,DDX5|CASC3|DCP1B,-0.28
MyList_SUB1_MCODE_1,GO Biological Processes,19,GO:0051028,mRNA transport,19_GO:0051179 localization,-17,2.4e+02,41,30293,126,7,7,1e+02,13,7175|8086|9877|22794|23165|23279|57122,TPR|AAAS|ZC3H11A|CASC3|NUP205|NUP160|NUP107,-13
MyList_SUB1_MCODE_1,GO Biological Processes,19,GO:0050657,nucleic acid transport,19_GO:0051179 localization,-16,2e+02,37,30293,155,7,7,1e+02,13,7175|8086|9877|22794|23165|23279|57122,TPR|AAAS|ZC3H11A|CASC3|NUP205|NUP160|NUP107,-12
MyList_SUB1_MCODE_1,GO Biological Processes,19,GO:0050658,RNA transport,19_GO:0051179 localization,-16,2e+02,37,30293,155,7,7,1e+02,13,7175|8086|9877|22794|23165|23279|57122,TPR|AAAS|ZC3H11A|CASC3|NUP205|NUP160|NUP107,-12
MyList_SUB1_MCODE_1,GO Biological Processes,19,GO:0051236,establishment of RNA localization,19_GO:0051179 localization,-16,1.9e+02,37,30293,157,7,7,1e+02,13,7175|8086|9877|22794|23165|23279|57122,TPR|AAAS|ZC3H11A|CASC3|NUP205|NUP160|NUP107,-12
MyList_SUB1_MCODE_1,GO Biological Processes,19,GO:0006403,RNA localization,19_GO:0051179 localization,-16,1.7e+02,35,30293,177,7,7,1e+02,13,7175|8086|9877|22794|23165|23279|57122,TPR|AAAS|ZC3H11A|CASC3|NUP205|NUP160|NUP107,-12
MyList_SUB1_MCODE_1,GO Biological Processes,19,GO:0015931,nucleobase-containing compound transport,19_GO:0051179 localization,-15,1.4e+02,31,30293,221,7,7,1e+02,13,7175|8086|9877|22794|23165|23279|57122,TPR|AAAS|ZC3H11A|CASC3|NUP205|NUP160|NUP107,-12
MyList_SUB1_MCODE_1,GO Biological Processes,19,GO:0006913,nucleocytoplasmic transport,19_GO:0051179 localization,-15,1.2e+02,29,30293,247,7,7,1e+02,13,7175|8086|9877|22794|23165|23279|57122,TPR|AAAS|ZC3H11A|CASC3|NUP205|NUP160|NUP107,-11
MyList_SUB1_MCODE_1,GO Biological Processes,19,GO:0051169,nuclear transport,19_GO:0051179 localization,-15,1.2e+02,29,30293,248,7,7,1e+02,13,7175|8086|9877|22794|23165|23279|57122,TPR|AAAS|ZC3H11A|CASC3|NUP205|NUP160|NUP107,-11
MyList_SUB1_MCODE_1,GO Biological Processes,19,GO:0006406,mRNA export from nucleus,19_GO:0051179 localization,-12,3.3e+02,40,30293,66,7,5,71,17,7175|9877|22794|23279|57122,TPR|ZC3H11A|CASC3|NUP160|NUP107,-9.1
MyList_SUB1_MCODE_1,GO Biological Processes,19,GO:0006405,RNA export from nucleus,19_GO:0051179 localization,-11,2.5e+02,36,30293,85,7,5,71,17,7175|9877|22794|23279|57122,TPR|ZC3H11A|CASC3|NUP160|NUP107,-8.6
MyList_SUB1_MCODE_1,GO Biological Processes,19,GO:0051168,nuclear export,19_GO:0051179 localization,-11,1.6e+02,28,30293,133,7,5,71,17,7175|9877|22794|23279|57122,TPR|ZC3H11A|CASC3|NUP160|NUP107,-7.7
MyList_SUB1_MCODE_1,GO Biological Processes,19,GO:0006999,nuclear pore organization,19_GO:0009987 cellular process,-8.5,8.7e+02,51,30293,15,7,3,43,19,7175|23165|57122,TPR|NUP205|NUP107,-5.8
MyList_SUB1_MCODE_1,GO Biological Processes,19,GO:0006997,nucleus organization,19_GO:0009987 cellular process,-5.5,93,17,30293,140,7,3,43,19,7175|23165|57122,TPR|NUP205|NUP107,-3.1
MyList_SUB1_MCODE_2,GO Biological Processes,19,GO:0008380,RNA splicing,19_GO:0008152 metabolic process,-10,63,19,30293,411,7,6,86,13,1655|6428|23451|23524|57187|84811,DDX5|SRSF3|SF3B1|SRRM2|THOC2|BUD13,-7.6
MyList_SUB1_MCODE_2,GO Biological Processes,19,GO:0006397,mRNA processing,19_GO:0008152 metabolic process,-9.9,53,18,30293,491,7,6,86,13,1655|6428|23451|23524|57187|84811,DDX5|SRSF3|SF3B1|SRRM2|THOC2|BUD13,-7.1
MyList_SUB1_MCODE_2,GO Biological Processes,19,GO:0016071,mRNA metabolic process,19_GO:0008152 metabolic process,-9.2,40,15,30293,648,7,6,86,13,1655|6428|23451|23524|57187|84811,DDX5|SRSF3|SF3B1|SRRM2|THOC2|BUD13,-6.4
MyList_SUB1_MCODE_2,GO Biological Processes,19,GO:0000398,"mRNA splicing, via spliceosome",19_GO:0008152 metabolic process,-8.9,78,20,30293,277,7,5,71,17,1655|6428|23451|23524|84811,DDX5|SRSF3|SF3B1|SRRM2|BUD13,-6.2
MyList_SUB1_MCODE_2,GO Biological Processes,19,GO:0000377,"RNA splicing, via transesterification reactions with bulged adenosine as nucleophile",19_GO:0008152 metabolic process,-8.9,78,20,30293,277,7,5,71,17,1655|6428|23451|23524|84811,DDX5|SRSF3|SF3B1|SRRM2|BUD13,-6.2
MyList_SUB1_MCODE_2,GO Biological Processes,19,GO:0000375,"RNA splicing, via transesterification reactions",19_GO:0008152 metabolic process,-8.9,77,19,30293,281,7,5,71,17,1655|6428|23451|23524|84811,DDX5|SRSF3|SF3B1|SRRM2|BUD13,-6.2
MyList_SUB1_MCODE_2,GO Biological Processes,19,GO:0048024,"regulation of mRNA splicing, via spliceosome",19_GO:0008152 metabolic process,-5.8,1.2e+02,19,30293,110,7,3,43,19,1153|1655|6428,CIRBP|DDX5|SRSF3,-3.4
MyList_SUB1_MCODE_2,GO Biological Processes,19,GO:0050684,regulation of mRNA processing,19_GO:0008152 metabolic process,-5.6,98,17,30293,132,7,3,43,19,1153|1655|6428,CIRBP|DDX5|SRSF3,-3.2
MyList_SUB1_MCODE_2,GO Biological Processes,19,GO:0043484,regulation of RNA splicing,19_GO:0008152 metabolic process,-5.1,71,14,30293,184,7,3,43,19,1153|1655|6428,CIRBP|DDX5|SRSF3,-2.8
MyList_SUB1_MCODE_2,GO Biological Processes,19,GO:1903311,regulation of mRNA metabolic process,19_GO:0008152 metabolic process,-4.1,33,9.6,30293,399,7,3,43,19,1153|1655|6428,CIRBP|DDX5|SRSF3,-1.9
MyList_SUB1_MCODE_4,GO Biological Processes,19,GO:0036297,interstrand cross-link repair,19_GO:0050896 response to stimulus,-12,7.6e+02,55,30293,40,4,4,1e+02,22,2176|2178|2189|80233,FANCC|FANCE|FANCG|FAAP100,-8.7
MyList_SUB1_MCODE_4,GO Biological Processes,19,GO:0006513,protein monoubiquitination,19_GO:0008152 metabolic process,-11,6.4e+02,51,30293,47,4,4,1e+02,22,2176|2178|2189|80233,FANCC|FANCE|FANCG|FAAP100,-8.4
MyList_SUB1_MCODE_4,GO Biological Processes,19,GO:0006281,DNA repair,19_GO:0050896 response to stimulus,-7.1,60,15,30293,508,4,4,1e+02,22,2176|2178|2189|80233,FANCC|FANCE|FANCG|FAAP100,-4.5
MyList_SUB1_MCODE_4,GO Biological Processes,19,GO:0016567,protein ubiquitination,19_GO:0008152 metabolic process,-6.7,48,14,30293,633,4,4,1e+02,22,2176|2178|2189|80233,FANCC|FANCE|FANCG|FAAP100,-4.1
MyList_SUB1_MCODE_4,GO Biological Processes,19,GO:0032446,protein modification by small protein conjugation,19_GO:0008152 metabolic process,-6.5,43,13,30293,711,4,4,1e+02,22,2176|2178|2189|80233,FANCC|FANCE|FANCG|FAAP100,-4
MyList_SUB1_MCODE_4,GO Biological Processes,19,GO:0006974,DNA damage response,19_GO:0050896 response to stimulus,-6.4,40,12,30293,761,4,4,1e+02,22,2176|2178|2189|80233,FANCC|FANCE|FANCG|FAAP100,-3.9
MyList_SUB1_MCODE_4,GO Biological Processes,19,GO:0006259,DNA metabolic process,19_GO:0008152 metabolic process,-6.4,40,12,30293,766,4,4,1e+02,22,2176|2178|2189|80233,FANCC|FANCE|FANCG|FAAP100,-3.9
MyList_SUB1_MCODE_5,GO Biological Processes,19,GO:0030198,extracellular matrix organization,19_GO:0009987 cellular process,-5.5,83,16,30293,273,4,3,75,22,1297|1302|10491,COL9A1|COL11A2|CRTAP,-3.2
MyList_SUB1_MCODE_5,GO Biological Processes,19,GO:0043062,extracellular structure organization,19_GO:0009987 cellular process,-5.5,83,16,30293,274,4,3,75,22,1297|1302|10491,COL9A1|COL11A2|CRTAP,-3.2
MyList_SUB1_MCODE_5,GO Biological Processes,19,GO:0045229,external encapsulating structure organization,19_GO:0009987 cellular process,-5.5,83,16,30293,275,4,3,75,22,1297|1302|10491,COL9A1|COL11A2|CRTAP,-3.2
