Category,CategoryID,GO,Description,PARENT_GO,LogP,Enrichment,Z-score,#TotalGeneInLibrary,#GeneInGO,#GeneInHitList,#GeneInGOAndHitList,%InGO,STDV %InGO,GeneID,Hits,Log(q-value),GeneList
GO Biological Processes,19,GO:0007005,mitochondrion organization,19_GO:0009987 cellular process,-11,4.9,9.3,30293,430,389,27,6.9,1.3,1386|2730|2932|3320|4700|4706|4714|4725|5245|7386|10059|10730|11152|26519|29078|51566|54332|55187|55245|55737|55744|81892|84303|91137|131474|401505|440574,ATF2|GCLM|GSK3B|HSP90AA1|NDUFA6|NDUFAB1|NDUFB8|NDUFS5|PHB1|UQCRFS1|DNM1L|YME1L1|WDR45|TIMM10|NDUFAF4|ARMCX3|GDAP1|VPS13D|UQCC1|VPS35|COA1|SLIRP|CHCHD6|SLC25A46|CHCHD4|TOMM5|MICOS10,-6.6,MyList
GO Biological Processes,19,GO:0006091,generation of precursor metabolites and energy,19_GO:0008152 metabolic process,-9.8,4.8,8.7,30293,408,389,25,6.4,1.2,34|50|515|522|1109|1327|1353|1534|2821|2932|2936|3939|4700|4706|4714|4725|5162|6391|7167|7360|7386|9551|10476|112812|388753,ACADM|ACO2|ATP5PB|ATP5PF|AKR1C4|COX4I1|COX11|CYB561|GPI|GSK3B|GSR|LDHA|NDUFA6|NDUFAB1|NDUFB8|NDUFS5|PDHB|SDHC|TPI1|UGP2|UQCRFS1|ATP5MF|ATP5PD|FDX2|COA6,-5.9,MyList
GO Biological Processes,19,GO:0009060,aerobic respiration,19_GO:0008152 metabolic process,-7.6,6.7,8.3,30293,163,389,14,3.6,0.94,50|515|522|1327|4700|4706|4714|4725|5162|6391|7386|9551|10476|388753,ACO2|ATP5PB|ATP5PF|COX4I1|NDUFA6|NDUFAB1|NDUFB8|NDUFS5|PDHB|SDHC|UQCRFS1|ATP5MF|ATP5PD|COA6,-3.9,MyList
GO Biological Processes,19,GO:0009206,purine ribonucleoside triphosphate biosynthetic process,19_GO:0008152 metabolic process,-7.4,9,8.9,30293,95,389,11,2.8,0.84,515|522|1353|4700|4706|4714|4725|4830|6391|9551|10476,ATP5PB|ATP5PF|COX11|NDUFA6|NDUFAB1|NDUFB8|NDUFS5|NME1|SDHC|ATP5MF|ATP5PD,-3.9,MyList
GO Biological Processes,19,GO:0009145,purine nucleoside triphosphate biosynthetic process,19_GO:0008152 metabolic process,-7.3,8.9,8.9,30293,96,389,11,2.8,0.84,515|522|1353|4700|4706|4714|4725|4830|6391|9551|10476,ATP5PB|ATP5PF|COX11|NDUFA6|NDUFAB1|NDUFB8|NDUFS5|NME1|SDHC|ATP5MF|ATP5PD,-3.9,MyList
GO Biological Processes,19,GO:0006119,oxidative phosphorylation,19_GO:0008152 metabolic process,-7.2,7.7,8.5,30293,121,389,12,3.1,0.88,515|522|1327|4700|4706|4714|4725|6391|7386|9551|10476|388753,ATP5PB|ATP5PF|COX4I1|NDUFA6|NDUFAB1|NDUFB8|NDUFS5|SDHC|UQCRFS1|ATP5MF|ATP5PD|COA6,-3.9,MyList
GO Biological Processes,19,GO:0015980,energy derivation by oxidation of organic compounds,19_GO:0008152 metabolic process,-7.2,5.1,7.5,30293,262,389,17,4.4,1,34|50|515|522|1327|2932|4700|4706|4714|4725|5162|6391|7360|7386|9551|10476|388753,ACADM|ACO2|ATP5PB|ATP5PF|COX4I1|GSK3B|NDUFA6|NDUFAB1|NDUFB8|NDUFS5|PDHB|SDHC|UGP2|UQCRFS1|ATP5MF|ATP5PD|COA6,-3.9,MyList
GO Biological Processes,19,GO:0009201,ribonucleoside triphosphate biosynthetic process,19_GO:0008152 metabolic process,-7.1,8.5,8.6,30293,101,389,11,2.8,0.84,515|522|1353|4700|4706|4714|4725|4830|6391|9551|10476,ATP5PB|ATP5PF|COX11|NDUFA6|NDUFAB1|NDUFB8|NDUFS5|NME1|SDHC|ATP5MF|ATP5PD,-3.9,MyList
GO Biological Processes,19,GO:0009260,ribonucleotide biosynthetic process,19_GO:0008152 metabolic process,-7.1,5.7,7.7,30293,206,389,15,3.9,0.98,515|522|1353|2977|3251|4700|4706|4714|4725|4830|5162|6391|9551|10476|139596,ATP5PB|ATP5PF|COX11|GUCY1A2|HPRT1|NDUFA6|NDUFAB1|NDUFB8|NDUFS5|NME1|PDHB|SDHC|ATP5MF|ATP5PD|UPRT,-3.9,MyList
GO Biological Processes,19,GO:0006839,mitochondrial transport,19_GO:0051179 localization,-7,6,7.7,30293,181,389,14,3.6,0.94,1386|2932|3320|6547|9512|26519|55737|79085|81855|91137|115286|131118|131474|401505,ATF2|GSK3B|HSP90AA1|SLC8A3|PMPCB|TIMM10|VPS35|SLC25A23|SFXN3|SLC25A46|SLC25A26|DNAJC19|CHCHD4|TOMM5,-3.9,MyList
GO Biological Processes,19,GO:0009205,purine ribonucleoside triphosphate metabolic process,19_GO:0008152 metabolic process,-6.9,6,7.7,30293,183,389,14,3.6,0.94,515|522|1353|2821|3939|4700|4706|4714|4725|4830|6391|7167|9551|10476,ATP5PB|ATP5PF|COX11|GPI|LDHA|NDUFA6|NDUFAB1|NDUFB8|NDUFS5|NME1|SDHC|TPI1|ATP5MF|ATP5PD,-3.9,MyList
GO Biological Processes,19,GO:0046390,ribose phosphate biosynthetic process,19_GO:0008152 metabolic process,-6.9,5.5,7.5,30293,213,389,15,3.9,0.98,515|522|1353|2977|3251|4700|4706|4714|4725|4830|5162|6391|9551|10476|139596,ATP5PB|ATP5PF|COX11|GUCY1A2|HPRT1|NDUFA6|NDUFAB1|NDUFB8|NDUFS5|NME1|PDHB|SDHC|ATP5MF|ATP5PD|UPRT,-3.9,MyList
GO Biological Processes,19,GO:0042776,proton motive force-driven mitochondrial ATP synthesis,19_GO:0008152 metabolic process,-6.9,11,9.1,30293,64,389,9,2.3,0.76,515|522|4700|4706|4714|4725|6391|9551|10476,ATP5PB|ATP5PF|NDUFA6|NDUFAB1|NDUFB8|NDUFS5|SDHC|ATP5MF|ATP5PD,-3.9,MyList
GO Biological Processes,19,GO:0006754,ATP biosynthetic process,19_GO:0008152 metabolic process,-6.9,9.3,8.7,30293,84,389,10,2.6,0.8,515|522|1353|4700|4706|4714|4725|6391|9551|10476,ATP5PB|ATP5PF|COX11|NDUFA6|NDUFAB1|NDUFB8|NDUFS5|SDHC|ATP5MF|ATP5PD,-3.9,MyList
GO Biological Processes,19,GO:0072594,establishment of protein localization to organelle,19_GO:0051179 localization,-6.8,4.3,7,30293,348,389,19,4.9,1.1,1386|3320|3786|3838|4591|5824|6734|6789|9512|25782|26519|54332|54557|55187|57154|128866|131118|131474|401505,ATF2|HSP90AA1|KCNQ3|KPNA2|TRIM37|PEX19|SRPRA|STK4|PMPCB|RAB3GAP2|TIMM10|GDAP1|SGTB|VPS13D|SMURF1|CHMP4B|DNAJC19|CHCHD4|TOMM5,-3.9,MyList
GO Biological Processes,19,GO:0046034,ATP metabolic process,19_GO:0008152 metabolic process,-6.8,6.4,7.7,30293,159,389,13,3.3,0.91,515|522|1353|2821|3939|4700|4706|4714|4725|6391|7167|9551|10476,ATP5PB|ATP5PF|COX11|GPI|LDHA|NDUFA6|NDUFAB1|NDUFB8|NDUFS5|SDHC|TPI1|ATP5MF|ATP5PD,-3.9,MyList
GO Biological Processes,19,GO:0051640,organelle localization,19_GO:0051179 localization,-6.8,3.5,6.6,30293,539,389,24,6.2,1.2,1063|1780|3619|4131|5293|5664|6857|7320|7846|8927|9217|9342|10059|10947|22919|23025|29058|51566|81565|81620|81929|113130|115827|128866,CENPF|DYNC1I1|INCENP|MAP1B|PIK3CD|PSEN2|SYT1|UBE2B|TUBA1A|BSN|VAPB|SNAP29|DNM1L|AP3M2|MAPRE1|UNC13A|TMEM230|ARMCX3|NDEL1|CDT1|SEH1L|CDCA5|RAB3C|CHMP4B,-3.9,MyList
GO Biological Processes,19,GO:0009142,nucleoside triphosphate biosynthetic process,19_GO:0008152 metabolic process,-6.8,7.9,8.2,30293,109,389,11,2.8,0.84,515|522|1353|4700|4706|4714|4725|4830|6391|9551|10476,ATP5PB|ATP5PF|COX11|NDUFA6|NDUFAB1|NDUFB8|NDUFS5|NME1|SDHC|ATP5MF|ATP5PD,-3.9,MyList
GO Biological Processes,19,GO:0009144,purine nucleoside triphosphate metabolic process,19_GO:0008152 metabolic process,-6.7,5.8,7.5,30293,189,389,14,3.6,0.94,515|522|1353|2821|3939|4700|4706|4714|4725|4830|6391|7167|9551|10476,ATP5PB|ATP5PF|COX11|GPI|LDHA|NDUFA6|NDUFAB1|NDUFB8|NDUFS5|NME1|SDHC|TPI1|ATP5MF|ATP5PD,-3.9,MyList
GO Biological Processes,19,GO:0009199,ribonucleoside triphosphate metabolic process,19_GO:0008152 metabolic process,-6.7,5.7,7.5,30293,190,389,14,3.6,0.94,515|522|1353|2821|3939|4700|4706|4714|4725|4830|6391|7167|9551|10476,ATP5PB|ATP5PF|COX11|GPI|LDHA|NDUFA6|NDUFAB1|NDUFB8|NDUFS5|NME1|SDHC|TPI1|ATP5MF|ATP5PD,-3.9,MyList
GO Biological Processes,19,GO:0006605,protein targeting,19_GO:0051179 localization,-6.7,4.9,7.2,30293,252,389,16,4.1,1,3320|3786|5824|6734|7532|9512|26519|54332|54557|55187|57154|128866|131118|131474|282679|401505,HSP90AA1|KCNQ3|PEX19|SRPRA|YWHAG|PMPCB|TIMM10|GDAP1|SGTB|VPS13D|SMURF1|CHMP4B|DNAJC19|CHCHD4|AQP11|TOMM5,-3.9,MyList
GO Biological Processes,19,GO:0009152,purine ribonucleotide biosynthetic process,19_GO:0008152 metabolic process,-6.7,5.7,7.4,30293,191,389,14,3.6,0.94,515|522|1353|2977|3251|4700|4706|4714|4725|4830|5162|6391|9551|10476,ATP5PB|ATP5PF|COX11|GUCY1A2|HPRT1|NDUFA6|NDUFAB1|NDUFB8|NDUFS5|NME1|PDHB|SDHC|ATP5MF|ATP5PD,-3.9,MyList
GO Biological Processes,19,GO:0045333,cellular respiration,19_GO:0008152 metabolic process,-6.6,5.6,7.3,30293,195,389,14,3.6,0.94,50|515|522|1327|4700|4706|4714|4725|5162|6391|7386|9551|10476|388753,ACO2|ATP5PB|ATP5PF|COX4I1|NDUFA6|NDUFAB1|NDUFB8|NDUFS5|PDHB|SDHC|UQCRFS1|ATP5MF|ATP5PD|COA6,-3.8,MyList
GO Biological Processes,19,GO:0072657,protein localization to membrane,19_GO:0051179 localization,-6.6,3.6,6.6,30293,473,389,22,5.7,1.2,88|819|1740|3320|4905|5824|6734|9270|9312|25782|26519|51248|51560|54557|55737|57154|81832|115827|128866|145567|282679|401505,ACTN2|CAMLG|DLG2|HSP90AA1|NSF|PEX19|SRPRA|ITGB1BP1|KCNB2|RAB3GAP2|TIMM10|PDZD11|RAB6B|SGTB|VPS35|SMURF1|NETO1|RAB3C|CHMP4B|TTC7B|AQP11|TOMM5,-3.8,MyList
GO Biological Processes,19,GO:0022900,electron transport chain,19_GO:0008152 metabolic process,-6.5,6,7.4,30293,169,389,13,3.3,0.91,1109|1327|1353|1534|2936|4700|4706|4714|4725|6391|7386|112812|388753,AKR1C4|COX4I1|COX11|CYB561|GSR|NDUFA6|NDUFAB1|NDUFB8|NDUFS5|SDHC|UQCRFS1|FDX2|COA6,-3.7,MyList
GO Biological Processes,19,GO:0006886,intracellular protein transport,19_GO:0051179 localization,-6.5,3.5,6.4,30293,519,389,23,5.9,1.2,1175|1386|1740|3320|3786|3838|4591|4905|5824|5874|6789|7846|10947|25782|26519|29887|51560|55737|57154|63908|81832|131118|401505,AP2S1|ATF2|DLG2|HSP90AA1|KCNQ3|KPNA2|TRIM37|NSF|PEX19|RAB27B|STK4|TUBA1A|AP3M2|RAB3GAP2|TIMM10|SNX10|RAB6B|VPS35|SMURF1|NAPB|NETO1|DNAJC19|TOMM5,-3.7,MyList
GO Biological Processes,19,GO:0015986,proton motive force-driven ATP synthesis,19_GO:0008152 metabolic process,-6.4,9.6,8.4,30293,73,389,9,2.3,0.76,515|522|4700|4706|4714|4725|6391|9551|10476,ATP5PB|ATP5PF|NDUFA6|NDUFAB1|NDUFB8|NDUFS5|SDHC|ATP5MF|ATP5PD,-3.6,MyList
GO Biological Processes,19,GO:0009141,nucleoside triphosphate metabolic process,19_GO:0008152 metabolic process,-6.3,5.3,7.1,30293,205,389,14,3.6,0.94,515|522|1353|2821|3939|4700|4706|4714|4725|4830|6391|7167|9551|10476,ATP5PB|ATP5PF|COX11|GPI|LDHA|NDUFA6|NDUFAB1|NDUFB8|NDUFS5|NME1|SDHC|TPI1|ATP5MF|ATP5PD,-3.6,MyList
GO Biological Processes,19,GO:0009259,ribonucleotide metabolic process,19_GO:0008152 metabolic process,-5.9,3.7,6.2,30293,402,389,19,4.9,1.1,515|522|1353|1740|2821|2977|3251|3939|4700|4706|4714|4725|4830|5162|6391|7167|9551|10476|139596,ATP5PB|ATP5PF|COX11|DLG2|GPI|GUCY1A2|HPRT1|LDHA|NDUFA6|NDUFAB1|NDUFB8|NDUFS5|NME1|PDHB|SDHC|TPI1|ATP5MF|ATP5PD|UPRT,-3.1,MyList
GO Biological Processes,19,GO:0033365,protein localization to organelle,19_GO:0051179 localization,-5.8,2.8,5.7,30293,746,389,27,6.9,1.3,819|1386|3320|3786|3838|4591|5824|6734|6789|9512|10059|22919|25782|26519|29887|51560|54332|54557|55187|55737|57154|79589|81832|128866|131118|131474|401505,CAMLG|ATF2|HSP90AA1|KCNQ3|KPNA2|TRIM37|PEX19|SRPRA|STK4|PMPCB|DNM1L|MAPRE1|RAB3GAP2|TIMM10|SNX10|RAB6B|GDAP1|SGTB|VPS13D|VPS35|SMURF1|RNF128|NETO1|CHMP4B|DNAJC19|CHCHD4|TOMM5,-3.1,MyList
GO Biological Processes,19,GO:0051656,establishment of organelle localization,19_GO:0051179 localization,-5.8,3.6,6.1,30293,407,389,19,4.9,1.1,1063|1780|3619|4131|5293|7320|7846|9342|10059|10947|22919|23025|29058|51566|81565|81620|81929|113130|128866,CENPF|DYNC1I1|INCENP|MAP1B|PIK3CD|UBE2B|TUBA1A|SNAP29|DNM1L|AP3M2|MAPRE1|UNC13A|TMEM230|ARMCX3|NDEL1|CDT1|SEH1L|CDCA5|CHMP4B,-3.1,MyList
GO Biological Processes,19,GO:0006164,purine nucleotide biosynthetic process,19_GO:0008152 metabolic process,-5.8,4.8,6.5,30293,228,389,14,3.6,0.94,515|522|1353|2977|3251|4700|4706|4714|4725|4830|5162|6391|9551|10476,ATP5PB|ATP5PF|COX11|GUCY1A2|HPRT1|NDUFA6|NDUFAB1|NDUFB8|NDUFS5|NME1|PDHB|SDHC|ATP5MF|ATP5PD,-3.1,MyList
GO Biological Processes,19,GO:0009165,nucleotide biosynthetic process,19_GO:0008152 metabolic process,-5.7,4.4,6.4,30293,265,389,15,3.9,0.98,515|522|1353|2977|3251|4700|4706|4714|4725|4830|5162|6391|9551|10476|139596,ATP5PB|ATP5PF|COX11|GUCY1A2|HPRT1|NDUFA6|NDUFAB1|NDUFB8|NDUFS5|NME1|PDHB|SDHC|ATP5MF|ATP5PD|UPRT,-3,MyList
GO Biological Processes,19,GO:0061024,membrane organization,19_GO:0009987 cellular process,-5.7,2.8,5.6,30293,757,389,27,6.9,1.3,819|1386|1718|2932|3320|4905|4952|5877|7905|9217|9342|10059|10947|23760|26519|27166|51454|57154|63982|80115|80148|84303|91137|94134|128866|401505|440574,CAMLG|ATF2|DHCR24|GSK3B|HSP90AA1|NSF|OCRL|RABIF|REEP5|VAPB|SNAP29|DNM1L|AP3M2|PITPNB|TIMM10|PRELID1|GULP1|SMURF1|ANO3|BAIAP2L2|SLC66A2|CHCHD6|SLC25A46|ARHGAP12|CHMP4B|TOMM5|MICOS10,-3,MyList
GO Biological Processes,19,GO:1901293,nucleoside phosphate biosynthetic process,19_GO:0008152 metabolic process,-5.7,4.4,6.3,30293,267,389,15,3.9,0.98,515|522|1353|2977|3251|4700|4706|4714|4725|4830|5162|6391|9551|10476|139596,ATP5PB|ATP5PF|COX11|GUCY1A2|HPRT1|NDUFA6|NDUFAB1|NDUFB8|NDUFS5|NME1|PDHB|SDHC|ATP5MF|ATP5PD|UPRT,-3,MyList
GO Biological Processes,19,GO:0019693,ribose phosphate metabolic process,19_GO:0008152 metabolic process,-5.6,3.6,6,30293,416,389,19,4.9,1.1,515|522|1353|1740|2821|2977|3251|3939|4700|4706|4714|4725|4830|5162|6391|7167|9551|10476|139596,ATP5PB|ATP5PF|COX11|DLG2|GPI|GUCY1A2|HPRT1|LDHA|NDUFA6|NDUFAB1|NDUFB8|NDUFS5|NME1|PDHB|SDHC|TPI1|ATP5MF|ATP5PD|UPRT,-3,MyList
GO Biological Processes,19,GO:0072522,purine-containing compound biosynthetic process,19_GO:0008152 metabolic process,-5.6,4.6,6.4,30293,236,389,14,3.6,0.94,515|522|1353|2977|3251|4700|4706|4714|4725|4830|5162|6391|9551|10476,ATP5PB|ATP5PF|COX11|GUCY1A2|HPRT1|NDUFA6|NDUFAB1|NDUFB8|NDUFS5|NME1|PDHB|SDHC|ATP5MF|ATP5PD,-3,MyList
GO Biological Processes,19,GO:0009150,purine ribonucleotide metabolic process,19_GO:0008152 metabolic process,-5.6,3.7,6,30293,382,389,18,4.6,1.1,515|522|1353|1740|2821|2977|3251|3939|4700|4706|4714|4725|4830|5162|6391|7167|9551|10476,ATP5PB|ATP5PF|COX11|DLG2|GPI|GUCY1A2|HPRT1|LDHA|NDUFA6|NDUFAB1|NDUFB8|NDUFS5|NME1|PDHB|SDHC|TPI1|ATP5MF|ATP5PD,-3,MyList
GO Biological Processes,19,GO:0090407,organophosphate biosynthetic process,19_GO:0008152 metabolic process,-5.6,3.1,5.8,30293,545,389,22,5.7,1.2,515|522|1353|1607|2224|2977|3251|4700|4706|4714|4725|4830|4952|5162|5293|6391|7167|9551|10476|57515|139596|145567,ATP5PB|ATP5PF|COX11|DGKB|FDPS|GUCY1A2|HPRT1|NDUFA6|NDUFAB1|NDUFB8|NDUFS5|NME1|OCRL|PDHB|PIK3CD|SDHC|TPI1|ATP5MF|ATP5PD|SERINC1|UPRT|TTC7B,-3,MyList
GO Biological Processes,19,GO:0051303,establishment of chromosome localization,19_GO:0051179 localization,-5.5,7.5,7.2,30293,94,389,9,2.3,0.76,1063|3619|7320|22919|81565|81620|81929|113130|128866,CENPF|INCENP|UBE2B|MAPRE1|NDEL1|CDT1|SEH1L|CDCA5|CHMP4B,-2.9,MyList
GO Biological Processes,19,GO:0051668,localization within membrane,19_GO:0051179 localization,-5.4,3.1,5.6,30293,557,389,22,5.7,1.2,88|819|1740|3320|4905|5824|6734|9270|9312|25782|26519|51248|51560|54557|55737|57154|81832|115827|128866|145567|282679|401505,ACTN2|CAMLG|DLG2|HSP90AA1|NSF|PEX19|SRPRA|ITGB1BP1|KCNB2|RAB3GAP2|TIMM10|PDZD11|RAB6B|SGTB|VPS35|SMURF1|NETO1|RAB3C|CHMP4B|TTC7B|AQP11|TOMM5,-2.8,MyList
GO Biological Processes,19,GO:0099003,vesicle-mediated transport in synapse,19_GO:0051179 localization,-5.3,5.6,6.5,30293,153,389,11,2.8,0.84,528|1175|5874|6623|6857|8927|9342|10947|23025|55737|80331,ATP6V1C1|AP2S1|RAB27B|SNCG|SYT1|BSN|SNAP29|AP3M2|UNC13A|VPS35|DNAJC5,-2.7,MyList
GO Biological Processes,19,GO:0006511,ubiquitin-dependent protein catabolic process,19_GO:0008152 metabolic process,-5.2,3.1,5.5,30293,530,389,21,5.4,1.1,2932|4738|5527|5700|5710|5713|5718|6921|6992|7320|9867|10040|23392|57154|57484|79589|80344|83892|128866|143384|171222,GSK3B|NEDD8|PPP2R5C|PSMC1|PSMD4|PSMD7|PSMD12|ELOC|PPP1R11|UBE2B|PJA2|TOM1L1|ECPAS|SMURF1|RNF150|RNF128|DCAF11|KCTD10|CHMP4B|CACUL1|UBE2L5,-2.7,MyList
GO Biological Processes,19,GO:0033108,mitochondrial respiratory chain complex assembly,19_GO:0009987 cellular process,-5.2,6.9,6.8,30293,101,389,9,2.3,0.76,4700|4706|4714|4725|7386|29078|55245|55744|131474,NDUFA6|NDUFAB1|NDUFB8|NDUFS5|UQCRFS1|NDUFAF4|UQCC1|COA1|CHCHD4,-2.7,MyList
GO Biological Processes,19,GO:0050000,chromosome localization,19_GO:0051179 localization,-5.2,6.9,6.8,30293,102,389,9,2.3,0.76,1063|3619|7320|22919|81565|81620|81929|113130|128866,CENPF|INCENP|UBE2B|MAPRE1|NDEL1|CDT1|SEH1L|CDCA5|CHMP4B,-2.6,MyList
GO Biological Processes,19,GO:0019941,modification-dependent protein catabolic process,19_GO:0008152 metabolic process,-5.1,3,5.4,30293,540,389,21,5.4,1.1,2932|4738|5527|5700|5710|5713|5718|6921|6992|7320|9867|10040|23392|57154|57484|79589|80344|83892|128866|143384|171222,GSK3B|NEDD8|PPP2R5C|PSMC1|PSMD4|PSMD7|PSMD12|ELOC|PPP1R11|UBE2B|PJA2|TOM1L1|ECPAS|SMURF1|RNF150|RNF128|DCAF11|KCTD10|CHMP4B|CACUL1|UBE2L5,-2.6,MyList
GO Biological Processes,19,GO:0010638,positive regulation of organelle organization,19_GO:0048518 positive regulation of biological process,-5,3.1,5.4,30293,502,389,20,5.1,1.1,88|2932|3984|4131|5570|6836|6857|7320|9270|10059|10787|11075|11152|22919|25782|55187|55737|80115|80856|171024,ACTN2|GSK3B|LIMK1|MAP1B|PKIB|SURF4|SYT1|UBE2B|ITGB1BP1|DNM1L|NCKAP1|STMN2|WDR45|MAPRE1|RAB3GAP2|VPS13D|VPS35|BAIAP2L2|LNPK|SYNPO2,-2.5,MyList
GO Biological Processes,19,GO:0099536,synaptic signaling,19_GO:0050789 regulation of biological process,-5,3.2,5.5,30293,460,389,19,4.9,1.1,1137|1740|2776|2932|3354|3785|3786|4885|6623|6857|6863|8927|9342|23025|27345|51248|56888|63908|80331,CHRNA4|DLG2|GNAQ|GSK3B|HTR1E|KCNQ2|KCNQ3|NPTX2|SNCG|SYT1|TAC1|BSN|SNAP29|UNC13A|KCNMB4|PDZD11|KCMF1|NAPB|DNAJC5,-2.5,MyList
GO Biological Processes,19,GO:0043632,modification-dependent macromolecule catabolic process,19_GO:0008152 metabolic process,-5,3,5.3,30293,551,389,21,5.4,1.1,2932|4738|5527|5700|5710|5713|5718|6921|6992|7320|9867|10040|23392|57154|57484|79589|80344|83892|128866|143384|171222,GSK3B|NEDD8|PPP2R5C|PSMC1|PSMD4|PSMD7|PSMD12|ELOC|PPP1R11|UBE2B|PJA2|TOM1L1|ECPAS|SMURF1|RNF150|RNF128|DCAF11|KCTD10|CHMP4B|CACUL1|UBE2L5,-2.5,MyList
GO Biological Processes,19,GO:1901137,carbohydrate derivative biosynthetic process,19_GO:0008152 metabolic process,-4.9,2.9,5.3,30293,596,389,22,5.7,1.2,515|522|1353|2977|3251|4351|4700|4706|4714|4725|4830|5162|6391|7167|9334|9551|10476|51363|64131|81849|139596|282679,ATP5PB|ATP5PF|COX11|GUCY1A2|HPRT1|MPI|NDUFA6|NDUFAB1|NDUFB8|NDUFS5|NME1|PDHB|SDHC|TPI1|B4GALT5|ATP5MF|ATP5PD|CHST15|XYLT1|ST6GALNAC5|UPRT|AQP11,-2.5,MyList
GO Biological Processes,19,GO:0070585,protein localization to mitochondrion,19_GO:0051179 localization,-4.9,7.5,6.8,30293,83,389,8,2.1,0.72,3320|9512|10059|26519|54332|131118|131474|401505,HSP90AA1|PMPCB|DNM1L|TIMM10|GDAP1|DNAJC19|CHCHD4|TOMM5,-2.5,MyList
GO Biological Processes,19,GO:0051603,proteolysis involved in protein catabolic process,19_GO:0008152 metabolic process,-4.9,2.9,5.3,30293,598,389,22,5.7,1.2,2932|4738|5527|5700|5710|5713|5718|6921|6992|7320|9867|10040|10730|23392|57154|57484|79589|80344|83892|128866|143384|171222,GSK3B|NEDD8|PPP2R5C|PSMC1|PSMD4|PSMD7|PSMD12|ELOC|PPP1R11|UBE2B|PJA2|TOM1L1|YME1L1|ECPAS|SMURF1|RNF150|RNF128|DCAF11|KCTD10|CHMP4B|CACUL1|UBE2L5,-2.5,MyList
GO Biological Processes,19,GO:0055086,nucleobase-containing small molecule metabolic process,19_GO:0008152 metabolic process,-4.9,2.9,5.2,30293,599,389,22,5.7,1.2,515|522|1353|1740|2821|2977|3251|3939|4351|4700|4706|4714|4725|4830|5162|6391|7167|7360|9551|10476|25996|139596,ATP5PB|ATP5PF|COX11|DLG2|GPI|GUCY1A2|HPRT1|LDHA|MPI|NDUFA6|NDUFAB1|NDUFB8|NDUFS5|NME1|PDHB|SDHC|TPI1|UGP2|ATP5MF|ATP5PD|REXO2|UPRT,-2.5,MyList
GO Biological Processes,19,GO:0007018,microtubule-based movement,19_GO:0009987 cellular process,-4.9,3.4,5.4,30293,389,389,17,4.4,1,1740|1780|3797|4131|5874|6990|7320|7846|10947|25911|51143|51566|57576|81565|81832|81892|642987,DLG2|DYNC1I1|KIF3C|MAP1B|RAB27B|DYNLT3|UBE2B|TUBA1A|AP3M2|DPCD|DYNC1LI1|ARMCX3|KIF17|NDEL1|NETO1|SLIRP|TMEM232,-2.4,MyList
GO Biological Processes,19,GO:0006626,protein targeting to mitochondrion,19_GO:0051179 localization,-4.8,8.8,7,30293,62,389,7,1.8,0.67,3320|9512|26519|54332|131118|131474|401505,HSP90AA1|PMPCB|TIMM10|GDAP1|DNAJC19|CHCHD4|TOMM5,-2.4,MyList
GO Biological Processes,19,GO:0099504,synaptic vesicle cycle,19_GO:0051179 localization,-4.8,5.4,6.1,30293,143,389,10,2.6,0.8,528|1175|5874|6623|6857|8927|9342|10947|23025|80331,ATP6V1C1|AP2S1|RAB27B|SNCG|SYT1|BSN|SNAP29|AP3M2|UNC13A|DNAJC5,-2.3,MyList
GO Biological Processes,19,GO:0009117,nucleotide metabolic process,19_GO:0008152 metabolic process,-4.8,3,5.2,30293,524,389,20,5.1,1.1,515|522|1353|1740|2821|2977|3251|3939|4700|4706|4714|4725|4830|5162|6391|7167|9551|10476|25996|139596,ATP5PB|ATP5PF|COX11|DLG2|GPI|GUCY1A2|HPRT1|LDHA|NDUFA6|NDUFAB1|NDUFB8|NDUFS5|NME1|PDHB|SDHC|TPI1|ATP5MF|ATP5PD|REXO2|UPRT,-2.3,MyList
GO Biological Processes,19,GO:0006753,nucleoside phosphate metabolic process,19_GO:0008152 metabolic process,-4.7,2.9,5.1,30293,532,389,20,5.1,1.1,515|522|1353|1740|2821|2977|3251|3939|4700|4706|4714|4725|4830|5162|6391|7167|9551|10476|25996|139596,ATP5PB|ATP5PF|COX11|DLG2|GPI|GUCY1A2|HPRT1|LDHA|NDUFA6|NDUFAB1|NDUFB8|NDUFS5|NME1|PDHB|SDHC|TPI1|ATP5MF|ATP5PD|REXO2|UPRT,-2.2,MyList
GO Biological Processes,19,GO:0042773,ATP synthesis coupled electron transport,19_GO:0008152 metabolic process,-4.5,6.6,6.2,30293,94,389,8,2.1,0.72,1327|4700|4706|4714|4725|6391|7386|388753,COX4I1|NDUFA6|NDUFAB1|NDUFB8|NDUFS5|SDHC|UQCRFS1|COA6,-2.1,MyList
GO Biological Processes,19,GO:0042775,mitochondrial ATP synthesis coupled electron transport,19_GO:0008152 metabolic process,-4.5,6.6,6.2,30293,94,389,8,2.1,0.72,1327|4700|4706|4714|4725|6391|7386|388753,COX4I1|NDUFA6|NDUFAB1|NDUFB8|NDUFS5|SDHC|UQCRFS1|COA6,-2.1,MyList
GO Biological Processes,19,GO:0007268,chemical synaptic transmission,19_GO:0050789 regulation of biological process,-4.5,3.2,5.1,30293,414,389,17,4.4,1,1137|1740|2932|3354|3785|3786|4885|6623|6857|6863|8927|9342|23025|27345|51248|63908|80331,CHRNA4|DLG2|GSK3B|HTR1E|KCNQ2|KCNQ3|NPTX2|SNCG|SYT1|TAC1|BSN|SNAP29|UNC13A|KCNMB4|PDZD11|NAPB|DNAJC5,-2.1,MyList
GO Biological Processes,19,GO:0098916,anterograde trans-synaptic signaling,19_GO:0050789 regulation of biological process,-4.5,3.2,5.1,30293,414,389,17,4.4,1,1137|1740|2932|3354|3785|3786|4885|6623|6857|6863|8927|9342|23025|27345|51248|63908|80331,CHRNA4|DLG2|GSK3B|HTR1E|KCNQ2|KCNQ3|NPTX2|SNCG|SYT1|TAC1|BSN|SNAP29|UNC13A|KCNMB4|PDZD11|NAPB|DNAJC5,-2.1,MyList
GO Biological Processes,19,GO:0006163,purine nucleotide metabolic process,19_GO:0008152 metabolic process,-4.4,3,5,30293,463,389,18,4.6,1.1,515|522|1353|1740|2821|2977|3251|3939|4700|4706|4714|4725|4830|5162|6391|7167|9551|10476,ATP5PB|ATP5PF|COX11|DLG2|GPI|GUCY1A2|HPRT1|LDHA|NDUFA6|NDUFAB1|NDUFB8|NDUFS5|NME1|PDHB|SDHC|TPI1|ATP5MF|ATP5PD,-2.1,MyList
GO Biological Processes,19,GO:0008088,axo-dendritic transport,19_GO:0051179 localization,-4.4,7.6,6.4,30293,72,389,7,1.8,0.67,1740|5874|10947|51566|57576|81565|81832,DLG2|RAB27B|AP3M2|ARMCX3|KIF17|NDEL1|NETO1,-2,MyList
GO Biological Processes,19,GO:0072655,establishment of protein localization to mitochondrion,19_GO:0051179 localization,-4.4,7.5,6.3,30293,73,389,7,1.8,0.67,3320|9512|26519|54332|131118|131474|401505,HSP90AA1|PMPCB|TIMM10|GDAP1|DNAJC19|CHCHD4|TOMM5,-2,MyList
GO Biological Processes,19,GO:0030705,cytoskeleton-dependent intracellular transport,19_GO:0051179 localization,-4.4,4.4,5.5,30293,193,389,11,2.8,0.84,1740|1780|4131|5874|7846|10376|10947|51566|57576|81565|81832,DLG2|DYNC1I1|MAP1B|RAB27B|TUBA1A|TUBA1B|AP3M2|ARMCX3|KIF17|NDEL1|NETO1,-2,MyList
GO Biological Processes,19,GO:0090150,establishment of protein localization to membrane,19_GO:0051179 localization,-4.3,4,5.3,30293,231,389,12,3.1,0.88,819|3320|4905|5824|6734|25782|26519|54557|55737|128866|282679|401505,CAMLG|HSP90AA1|NSF|PEX19|SRPRA|RAB3GAP2|TIMM10|SGTB|VPS35|CHMP4B|AQP11|TOMM5,-2,MyList
GO Biological Processes,19,GO:0099537,trans-synaptic signaling,19_GO:0050789 regulation of biological process,-4.3,3.1,4.9,30293,431,389,17,4.4,1,1137|1740|2932|3354|3785|3786|4885|6623|6857|6863|8927|9342|23025|27345|51248|63908|80331,CHRNA4|DLG2|GSK3B|HTR1E|KCNQ2|KCNQ3|NPTX2|SNCG|SYT1|TAC1|BSN|SNAP29|UNC13A|KCNMB4|PDZD11|NAPB|DNAJC5,-2,MyList
GO Biological Processes,19,GO:0030163,protein catabolic process,19_GO:0008152 metabolic process,-4.3,2.5,4.7,30293,710,389,23,5.9,1.2,2932|3320|4738|5527|5700|5710|5713|5718|6921|6992|7320|9867|10040|10730|23392|57154|57484|79589|80344|83892|128866|143384|171222,GSK3B|HSP90AA1|NEDD8|PPP2R5C|PSMC1|PSMD4|PSMD7|PSMD12|ELOC|PPP1R11|UBE2B|PJA2|TOM1L1|YME1L1|ECPAS|SMURF1|RNF150|RNF128|DCAF11|KCTD10|CHMP4B|CACUL1|UBE2L5,-1.9,MyList
GO Biological Processes,19,GO:0010970,transport along microtubule,19_GO:0051179 localization,-4.2,4.7,5.5,30293,165,389,10,2.6,0.8,1740|1780|4131|5874|7846|10947|51566|57576|81565|81832,DLG2|DYNC1I1|MAP1B|RAB27B|TUBA1A|AP3M2|ARMCX3|KIF17|NDEL1|NETO1,-1.9,MyList
GO Biological Processes,19,GO:0010506,regulation of autophagy,19_GO:0008152 metabolic process,-4.2,3.3,5,30293,355,389,15,3.9,0.98,528|826|2932|5127|5599|6009|6721|10059|11152|25782|55187|55737|55847|79142|128866,ATP6V1C1|CAPNS1|GSK3B|CDK16|MAPK8|RHEB|SREBF2|DNM1L|WDR45|RAB3GAP2|VPS13D|VPS35|CISD1|PHF23|CHMP4B,-1.9,MyList
GO Biological Processes,19,GO:0072521,purine-containing compound metabolic process,19_GO:0008152 metabolic process,-4.1,2.8,4.7,30293,492,389,18,4.6,1.1,515|522|1353|1740|2821|2977|3251|3939|4700|4706|4714|4725|4830|5162|6391|7167|9551|10476,ATP5PB|ATP5PF|COX11|DLG2|GPI|GUCY1A2|HPRT1|LDHA|NDUFA6|NDUFAB1|NDUFB8|NDUFS5|NME1|PDHB|SDHC|TPI1|ATP5MF|ATP5PD,-1.8,MyList
GO Biological Processes,19,GO:0099111,microtubule-based transport,19_GO:0051179 localization,-4.1,4.2,5.2,30293,206,389,11,2.8,0.84,1740|1780|4131|5874|7846|10947|25911|51566|57576|81565|81832,DLG2|DYNC1I1|MAP1B|RAB27B|TUBA1A|AP3M2|DPCD|ARMCX3|KIF17|NDEL1|NETO1,-1.8,MyList
GO Biological Processes,19,GO:0051310,metaphase chromosome alignment,19_GO:0051179 localization,-4,6.6,5.8,30293,82,389,7,1.8,0.67,1063|3619|22919|81620|81929|113130|128866,CENPF|INCENP|MAPRE1|CDT1|SEH1L|CDCA5|CHMP4B,-1.7,MyList
GO Biological Processes,19,GO:0031175,neuron projection development,19_GO:0032502 developmental process,-4,2.5,4.5,30293,691,389,22,5.7,1.2,1501|2596|2932|3251|3984|4131|5127|5361|7846|8543|9334|10479|10787|11075|22911|29967|50861|51560|63974|81565|91137|127933,CTNND2|GAP43|GSK3B|HPRT1|LIMK1|MAP1B|CDK16|PLXNA1|TUBA1A|LMO4|B4GALT5|SLC9A6|NCKAP1|STMN2|WDR47|LRP12|STMN3|RAB6B|NEUROD6|NDEL1|SLC25A46|UHMK1,-1.7,MyList
GO Biological Processes,19,GO:0007006,mitochondrial membrane organization,19_GO:0009987 cellular process,-4,5.5,5.5,30293,113,389,8,2.1,0.72,1386|2932|3320|26519|84303|91137|401505|440574,ATF2|GSK3B|HSP90AA1|TIMM10|CHCHD6|SLC25A46|TOMM5|MICOS10,-1.7,MyList
GO Biological Processes,19,GO:0032981,mitochondrial respiratory chain complex I assembly,19_GO:0009987 cellular process,-3.9,7.8,6,30293,60,389,6,1.5,0.62,4700|4706|4714|4725|29078|55744,NDUFA6|NDUFAB1|NDUFB8|NDUFS5|NDUFAF4|COA1,-1.6,MyList
GO Biological Processes,19,GO:0010257,NADH dehydrogenase complex assembly,19_GO:0009987 cellular process,-3.9,7.8,6,30293,60,389,6,1.5,0.62,4700|4706|4714|4725|29078|55744,NDUFA6|NDUFAB1|NDUFB8|NDUFS5|NDUFAF4|COA1,-1.6,MyList
GO Biological Processes,19,GO:0098930,axonal transport,19_GO:0051179 localization,-3.9,7.7,5.9,30293,61,389,6,1.5,0.62,1740|5874|10947|51566|81565|81832,DLG2|RAB27B|AP3M2|ARMCX3|NDEL1|NETO1,-1.6,MyList
GO Biological Processes,19,GO:0022904,respiratory electron transport chain,19_GO:0008152 metabolic process,-3.9,5.3,5.3,30293,117,389,8,2.1,0.72,1327|4700|4706|4714|4725|6391|7386|388753,COX4I1|NDUFA6|NDUFAB1|NDUFB8|NDUFS5|SDHC|UQCRFS1|COA6,-1.6,MyList
GO Biological Processes,19,GO:0019646,aerobic electron transport chain,19_GO:0008152 metabolic process,-3.8,6.1,5.5,30293,89,389,7,1.8,0.67,1327|4700|4706|4714|4725|6391|7386,COX4I1|NDUFA6|NDUFAB1|NDUFB8|NDUFS5|SDHC|UQCRFS1,-1.6,MyList
GO Biological Processes,19,GO:0031400,negative regulation of protein modification process,19_GO:0048519 negative regulation of biological process,-3.8,2.9,4.5,30293,428,389,16,4.1,1,103|819|1845|1848|2776|2932|3984|5570|6547|7320|7532|9270|55074|79007|79893|150678,ADAR|CAMLG|DUSP3|DUSP6|GNAQ|GSK3B|LIMK1|PKIB|SLC8A3|UBE2B|YWHAG|ITGB1BP1|OXR1|DBNDD1|GGNBP2|COPS9,-1.6,MyList
GO Biological Processes,19,GO:0017004,cytochrome complex assembly,19_GO:0009987 cellular process,-3.8,9.7,6.3,30293,40,389,5,1.3,0.57,7386|55245|55744|91137|388753,UQCRFS1|UQCC1|COA1|SLC25A46|COA6,-1.6,MyList
GO Biological Processes,19,GO:0031667,response to nutrient levels,19_GO:0050896 response to stimulus,-3.8,2.8,4.5,30293,476,389,17,4.4,1,34|445|1032|1386|2730|3171|4131|5599|6009|6721|7532|8428|11152|27347|54332|81929|151556,ACADM|ASS1|CDKN2D|ATF2|GCLM|FOXA3|MAP1B|MAPK8|RHEB|SREBF2|YWHAG|STK24|WDR45|STK39|GDAP1|SEH1L|GPR155,-1.5,MyList
GO Biological Processes,19,GO:0099641,anterograde axonal protein transport,19_GO:0051179 localization,-3.8,26,8.5,30293,9,389,3,0.77,0.44,1740|5874|81832,DLG2|RAB27B|NETO1,-1.5,MyList
GO Biological Processes,19,GO:1905383,protein localization to presynapse,19_GO:0051179 localization,-3.8,26,8.5,30293,9,389,3,0.77,0.44,1740|5874|81832,DLG2|RAB27B|NETO1,-1.5,MyList
GO Biological Processes,19,GO:0099640,axo-dendritic protein transport,19_GO:0051179 localization,-3.8,26,8.5,30293,9,389,3,0.77,0.44,1740|5874|81832,DLG2|RAB27B|NETO1,-1.5,MyList
GO Biological Processes,19,GO:0046903,secretion,19_GO:0051179 localization,-3.7,2.6,4.4,30293,529,389,18,4.6,1.1,3786|4830|4905|5127|5293|5874|6623|6857|7163|9342|23025|29887|51248|55585|80331|90332|115827|139596,KCNQ3|NME1|NSF|CDK16|PIK3CD|RAB27B|SNCG|SYT1|TPD52|SNAP29|UNC13A|SNX10|PDZD11|UBE2Q1|DNAJC5|EXOC3L2|RAB3C|UPRT,-1.5,MyList
GO Biological Processes,19,GO:0031669,cellular response to nutrient levels,19_GO:0050896 response to stimulus,-3.7,3.7,4.7,30293,230,389,11,2.8,0.84,1386|3171|5599|6009|6721|7532|8428|11152|54332|81929|151556,ATF2|FOXA3|MAPK8|RHEB|SREBF2|YWHAG|STK24|WDR45|GDAP1|SEH1L|GPR155,-1.5,MyList
GO Biological Processes,19,GO:0016241,regulation of macroautophagy,19_GO:0008152 metabolic process,-3.6,4.4,4.9,30293,159,389,9,2.3,0.76,528|826|5599|6009|11152|25782|55187|55737|79142,ATP6V1C1|CAPNS1|MAPK8|RHEB|WDR45|RAB3GAP2|VPS13D|VPS35|PHF23,-1.4,MyList
GO Biological Processes,19,GO:0006887,exocytosis,19_GO:0051179 localization,-3.6,3.6,4.6,30293,236,389,11,2.8,0.84,3786|4905|5127|5293|5874|6857|9342|23025|80331|90332|115827,KCNQ3|NSF|CDK16|PIK3CD|RAB27B|SYT1|SNAP29|UNC13A|DNAJC5|EXOC3L2|RAB3C,-1.4,MyList
GO Biological Processes,19,GO:0009991,response to extracellular stimulus,19_GO:0050896 response to stimulus,-3.5,2.6,4.2,30293,505,389,17,4.4,1,34|445|1032|1386|2730|3171|4131|5599|6009|6721|7532|8428|11152|27347|54332|81929|151556,ACADM|ASS1|CDKN2D|ATF2|GCLM|FOXA3|MAP1B|MAPK8|RHEB|SREBF2|YWHAG|STK24|WDR45|STK39|GDAP1|SEH1L|GPR155,-1.3,MyList
GO Biological Processes,19,GO:0009267,cellular response to starvation,19_GO:0050896 response to stimulus,-3.4,4.1,4.6,30293,172,389,9,2.3,0.76,1386|3171|5599|6721|7532|8428|11152|81929|151556,ATF2|FOXA3|MAPK8|SREBF2|YWHAG|STK24|WDR45|SEH1L|GPR155,-1.2,MyList
GO Biological Processes,19,GO:0042594,response to starvation,19_GO:0050896 response to stimulus,-3.3,3.7,4.5,30293,212,389,10,2.6,0.8,34|1386|3171|5599|6721|7532|8428|11152|81929|151556,ACADM|ATF2|FOXA3|MAPK8|SREBF2|YWHAG|STK24|WDR45|SEH1L|GPR155,-1.2,MyList
GO Biological Processes,19,GO:1902075,cellular response to salt,19_GO:0050896 response to stimulus,-3.3,3.7,4.5,30293,212,389,10,2.6,0.8,1137|1740|2730|2776|3786|6857|7846|10518|27347|79085,CHRNA4|DLG2|GCLM|GNAQ|KCNQ3|SYT1|TUBA1A|CIB2|STK39|SLC25A23,-1.2,MyList
GO Biological Processes,19,GO:1902905,positive regulation of supramolecular fiber organization,19_GO:0048518 positive regulation of biological process,-3.3,4,4.5,30293,175,389,9,2.3,0.76,88|3984|4131|9270|10787|11075|22919|80115|171024,ACTN2|LIMK1|MAP1B|ITGB1BP1|NCKAP1|STMN2|MAPRE1|BAIAP2L2|SYNPO2,-1.1,MyList
GO Biological Processes,19,GO:0140352,export from cell,19_GO:0051179 localization,-3.3,2.6,4.1,30293,474,389,16,4.1,1,3786|4905|5002|5127|5293|5874|6623|6857|9342|10059|23025|51248|55585|80331|90332|115827,KCNQ3|NSF|SLC22A18|CDK16|PIK3CD|RAB27B|SNCG|SYT1|SNAP29|DNM1L|UNC13A|PDZD11|UBE2Q1|DNAJC5|EXOC3L2|RAB3C,-1.1,MyList
GO Biological Processes,19,GO:0006897,endocytosis,19_GO:0051179 localization,-3.3,2.5,4,30293,522,389,17,4.4,1,433|1175|3786|3984|4830|5874|6623|6836|6857|10059|10947|29887|29967|30011|51454|56990|94134,ASGR2|AP2S1|KCNQ3|LIMK1|NME1|RAB27B|SNCG|SURF4|SYT1|DNM1L|AP3M2|SNX10|LRP12|SH3KBP1|GULP1|CDC42SE2|ARHGAP12,-1.1,MyList
GO Biological Processes,19,GO:0051348,negative regulation of transferase activity,19_GO:0065007 biological regulation,-3.3,3.6,4.4,30293,215,389,10,2.6,0.8,103|1845|2776|2932|3984|5570|6547|7532|9270|79007,ADAR|DUSP3|GNAQ|GSK3B|LIMK1|PKIB|SLC8A3|YWHAG|ITGB1BP1|DBNDD1,-1.1,MyList
GO Biological Processes,19,GO:0001764,neuron migration,19_GO:0032502 developmental process,-3.3,4.4,4.6,30293,142,389,8,2.1,0.72,3320|4131|5361|7846|29967|55140|57630|81565,HSP90AA1|MAP1B|PLXNA1|TUBA1A|LRP12|ELP3|SH3RF1|NDEL1,-1.1,MyList
GO Biological Processes,19,GO:0048285,organelle fission,19_GO:0009987 cellular process,-3.2,2.9,4.1,30293,344,389,13,3.3,0.91,3619|5824|7320|10059|22919|54332|81565|81620|81929|91137|113130|128866|378708,INCENP|PEX19|UBE2B|DNM1L|MAPRE1|GDAP1|NDEL1|CDT1|SEH1L|SLC25A46|CDCA5|CHMP4B|CENPS,-1.1,MyList
GO Biological Processes,19,GO:1902903,regulation of supramolecular fiber organization,19_GO:0050789 regulation of biological process,-3.2,2.8,4.1,30293,390,389,14,3.6,0.94,88|830|2764|3984|4131|5203|9270|10471|10787|11075|22911|22919|80115|171024,ACTN2|CAPZA2|GMFB|LIMK1|MAP1B|PFDN4|ITGB1BP1|PFDN6|NCKAP1|STMN2|WDR47|MAPRE1|BAIAP2L2|SYNPO2,-1.1,MyList
GO Biological Processes,19,GO:0031668,cellular response to extracellular stimulus,19_GO:0050896 response to stimulus,-3.2,3.3,4.2,30293,260,389,11,2.8,0.84,1386|3171|5599|6009|6721|7532|8428|11152|54332|81929|151556,ATF2|FOXA3|MAPK8|RHEB|SREBF2|YWHAG|STK24|WDR45|GDAP1|SEH1L|GPR155,-1.1,MyList
GO Biological Processes,19,GO:1902600,proton transmembrane transport,19_GO:0051179 localization,-3.2,4.3,4.5,30293,145,389,8,2.1,0.72,515|522|528|1327|7386|9551|10476|10479,ATP5PB|ATP5PF|ATP6V1C1|COX4I1|UQCRFS1|ATP5MF|ATP5PD|SLC9A6,-1.1,MyList
GO Biological Processes,19,GO:0140056,organelle localization by membrane tethering,19_GO:0051179 localization,-3.2,5.8,4.9,30293,81,389,6,1.5,0.62,5664|6857|9217|9342|23025|115827,PSEN2|SYT1|VAPB|SNAP29|UNC13A|RAB3C,-1,MyList
GO Biological Processes,19,GO:0007080,mitotic metaphase chromosome alignment,19_GO:0051179 localization,-3.2,7.2,5.2,30293,54,389,5,1.3,0.57,22919|81620|81929|113130|128866,MAPRE1|CDT1|SEH1L|CDCA5|CHMP4B,-1,MyList
GO Biological Processes,19,GO:0048488,synaptic vesicle endocytosis,19_GO:0051179 localization,-3.2,7.2,5.2,30293,54,389,5,1.3,0.57,1175|5874|6623|6857|10947,AP2S1|RAB27B|SNCG|SYT1|AP3M2,-1,MyList
GO Biological Processes,19,GO:0051495,positive regulation of cytoskeleton organization,19_GO:0048518 positive regulation of biological process,-3.2,3.8,4.4,30293,184,389,9,2.3,0.76,88|3984|4131|9270|10787|11075|22919|80115|171024,ACTN2|LIMK1|MAP1B|ITGB1BP1|NCKAP1|STMN2|MAPRE1|BAIAP2L2|SYNPO2,-1,MyList
GO Biological Processes,19,GO:0072384,organelle transport along microtubule,19_GO:0051179 localization,-3.2,5.7,4.9,30293,82,389,6,1.5,0.62,1780|4131|7846|10947|51566|81565,DYNC1I1|MAP1B|TUBA1A|AP3M2|ARMCX3|NDEL1,-1,MyList
GO Biological Processes,19,GO:0099118,microtubule-based protein transport,19_GO:0051179 localization,-3.2,17,6.7,30293,14,389,3,0.77,0.44,1740|5874|81832,DLG2|RAB27B|NETO1,-1,MyList
GO Biological Processes,19,GO:0097284,hepatocyte apoptotic process,19_GO:0009987 cellular process,-3.2,17,6.7,30293,14,389,3,0.77,0.44,103|1386|6789,ADAR|ATF2|STK4,-1,MyList
GO Biological Processes,19,GO:0098840,protein transport along microtubule,19_GO:0051179 localization,-3.2,17,6.7,30293,14,389,3,0.77,0.44,1740|5874|81832,DLG2|RAB27B|NETO1,-1,MyList
GO Biological Processes,19,GO:0140238,presynaptic endocytosis,19_GO:0051179 localization,-3.2,7.1,5.1,30293,55,389,5,1.3,0.57,1175|5874|6623|6857|10947,AP2S1|RAB27B|SNCG|SYT1|AP3M2,-1,MyList
GO Biological Processes,19,GO:0042407,cristae formation,19_GO:0009987 cellular process,-3.1,16,6.4,30293,15,389,3,0.77,0.44,84303|91137|440574,CHCHD6|SLC25A46|MICOS10,-0.95,MyList
GO Biological Processes,19,GO:0006979,response to oxidative stress,19_GO:0050896 response to stimulus,-3,2.8,3.9,30293,363,389,13,3.3,0.91,1137|1386|2730|2878|2936|4700|5599|7001|8428|55074|83636|131474|154807,CHRNA4|ATF2|GCLM|GPX3|GSR|NDUFA6|MAPK8|PRDX2|STK24|OXR1|C19orf12|CHCHD4|VKORC1L1,-0.92,MyList
GO Biological Processes,19,GO:0032940,secretion by cell,19_GO:0051179 localization,-3,2.6,3.8,30293,412,389,14,3.6,0.94,3786|4905|5127|5293|5874|6623|6857|9342|23025|51248|55585|80331|90332|115827,KCNQ3|NSF|CDK16|PIK3CD|RAB27B|SNCG|SYT1|SNAP29|UNC13A|PDZD11|UBE2Q1|DNAJC5|EXOC3L2|RAB3C,-0.89,MyList
GO Biological Processes,19,GO:0006851,mitochondrial calcium ion transmembrane transport,19_GO:0051179 localization,-3,15,6.2,30293,16,389,3,0.77,0.44,6547|9512|79085,SLC8A3|PMPCB|SLC25A23,-0.88,MyList
GO Biological Processes,19,GO:0051315,attachment of mitotic spindle microtubules to kinetochore,19_GO:0051179 localization,-3,15,6.2,30293,16,389,3,0.77,0.44,22919|81620|81929,MAPRE1|CDT1|SEH1L,-0.88,MyList
GO Biological Processes,19,GO:0031109,microtubule polymerization or depolymerization,19_GO:0009987 cellular process,-3,6.5,4.9,30293,60,389,5,1.3,0.57,7846|11075|22919|50861|81565,TUBA1A|STMN2|MAPRE1|STMN3|NDEL1,-0.88,MyList
GO Biological Processes,19,GO:0035418,protein localization to synapse,19_GO:0051179 localization,-3,6.5,4.9,30293,60,389,5,1.3,0.57,1740|5874|8927|55737|81832,DLG2|RAB27B|BSN|VPS35|NETO1,-0.88,MyList
GO Biological Processes,19,GO:0031647,regulation of protein stability,19_GO:0065007 biological regulation,-3,2.9,3.9,30293,325,389,12,3.1,0.88,819|2776|3320|4591|5245|5824|6789|7320|9334|10471|55737|79589,CAMLG|GNAQ|HSP90AA1|TRIM37|PHB1|PEX19|STK4|UBE2B|B4GALT5|PFDN6|VPS35|RNF128,-0.86,MyList
GO Biological Processes,19,GO:0071496,cellular response to external stimulus,19_GO:0050896 response to stimulus,-2.9,2.9,3.9,30293,326,389,12,3.1,0.88,1386|3171|5599|6009|6721|7532|8428|11152|54332|81929|151556|441027,ATF2|FOXA3|MAPK8|RHEB|SREBF2|YWHAG|STK24|WDR45|GDAP1|SEH1L|GPR155|TMEM150C,-0.85,MyList
GO Biological Processes,19,GO:0022406,membrane docking,19_GO:0009987 cellular process,-2.9,5.1,4.5,30293,91,389,6,1.5,0.62,5664|6857|9217|9342|23025|115827,PSEN2|SYT1|VAPB|SNAP29|UNC13A|RAB3C,-0.85,MyList
GO Biological Processes,19,GO:0036465,synaptic vesicle recycling,19_GO:0051179 localization,-2.9,6.3,4.7,30293,62,389,5,1.3,0.57,1175|5874|6623|6857|10947,AP2S1|RAB27B|SNCG|SYT1|AP3M2,-0.83,MyList
GO Biological Processes,19,GO:0000266,mitochondrial fission,19_GO:0009987 cellular process,-2.9,14,6,30293,17,389,3,0.77,0.44,10059|54332|91137,DNM1L|GDAP1|SLC25A46,-0.82,MyList
GO Biological Processes,19,GO:1902904,negative regulation of supramolecular fiber organization,19_GO:0048519 negative regulation of biological process,-2.9,3.8,4.1,30293,163,389,8,2.1,0.72,830|2764|4131|5203|10471|11075|22911|22919,CAPZA2|GMFB|MAP1B|PFDN4|PFDN6|STMN2|WDR47|MAPRE1,-0.82,MyList
GO Biological Processes,19,GO:0051493,regulation of cytoskeleton organization,19_GO:0050789 regulation of biological process,-2.9,2.4,3.6,30293,522,389,16,4.1,1,88|830|2764|2932|3984|4131|4591|9270|10787|11075|22911|22919|50861|80115|128866|171024,ACTN2|CAPZA2|GMFB|GSK3B|LIMK1|MAP1B|TRIM37|ITGB1BP1|NCKAP1|STMN2|WDR47|MAPRE1|STMN3|BAIAP2L2|CHMP4B|SYNPO2,-0.81,MyList
GO Biological Processes,19,GO:1990778,protein localization to cell periphery,19_GO:0051179 localization,-2.9,3.2,3.9,30293,246,389,10,2.6,0.8,88|4905|9270|9312|51248|55737|57154|81832|115827|145567,ACTN2|NSF|ITGB1BP1|KCNB2|PDZD11|VPS35|SMURF1|NETO1|RAB3C|TTC7B,-0.79,MyList
GO Biological Processes,19,GO:0048524,positive regulation of viral process,19_GO:0016032 viral process,-2.9,6.1,4.6,30293,64,389,5,1.3,0.57,103|3838|3956|9217|29883,ADAR|KPNA2|LGALS1|VAPB|CNOT7,-0.79,MyList
GO Biological Processes,19,GO:0031111,negative regulation of microtubule polymerization or depolymerization,19_GO:0048519 negative regulation of biological process,-2.8,8,5,30293,39,389,4,1,0.51,4131|11075|22911|22919,MAP1B|STMN2|WDR47|MAPRE1,-0.75,MyList
GO Biological Processes,19,GO:0000278,mitotic cell cycle,19_GO:0009987 cellular process,-2.8,2.3,3.5,30293,585,389,17,4.4,1,1063|1386|3619|4659|7846|10376|10383|22919|29086|79858|81565|81620|81929|113130|128866|143384|260334,CENPF|ATF2|INCENP|PPP1R12A|TUBA1A|TUBA1B|TUBB4B|MAPRE1|BABAM1|NEK11|NDEL1|CDT1|SEH1L|CDCA5|CHMP4B|CACUL1|TUBB8B,-0.72,MyList
GO Biological Processes,19,GO:0007007,inner mitochondrial membrane organization,19_GO:0009987 cellular process,-2.8,7.8,4.9,30293,40,389,4,1,0.51,26519|84303|91137|440574,TIMM10|CHCHD6|SLC25A46|MICOS10,-0.72,MyList
GO Biological Processes,19,GO:0010639,negative regulation of organelle organization,19_GO:0048519 negative regulation of biological process,-2.8,2.7,3.7,30293,342,389,12,3.1,0.88,830|1063|2764|4131|4591|5810|10040|11075|22911|22919|27166|79142,CAPZA2|CENPF|GMFB|MAP1B|TRIM37|RAD1|TOM1L1|STMN2|WDR47|MAPRE1|PRELID1|PHF23,-0.72,MyList
GO Biological Processes,19,GO:0006469,negative regulation of protein kinase activity,19_GO:0048519 negative regulation of biological process,-2.7,3.6,3.9,30293,172,389,8,2.1,0.72,103|1845|2776|5570|6547|7532|9270|79007,ADAR|DUSP3|GNAQ|PKIB|SLC8A3|YWHAG|ITGB1BP1|DBNDD1,-0.7,MyList
GO Biological Processes,19,GO:0051604,protein maturation,19_GO:0008152 metabolic process,-2.7,2.4,3.5,30293,489,389,15,3.9,0.98,1718|3320|4706|5203|5664|5824|9512|10471|10730|55847|80331|131118|131474|284106|653505,DHCR24|HSP90AA1|NDUFAB1|PFDN4|PSEN2|PEX19|PMPCB|PFDN6|YME1L1|CISD1|DNAJC5|DNAJC19|CHCHD4|CISD3|PPIAL4A,-0.69,MyList
GO Biological Processes,19,GO:0005975,carbohydrate metabolic process,19_GO:0008152 metabolic process,-2.7,2.5,3.6,30293,441,389,14,3.6,0.94,34|2739|2821|2932|3939|4351|5162|5165|7167|7355|7360|9334|51363|81849,ACADM|GLO1|GPI|GSK3B|LDHA|MPI|PDHB|PDK3|TPI1|SLC35A2|UGP2|B4GALT5|CHST15|ST6GALNAC5,-0.69,MyList
GO Biological Processes,19,GO:0051338,regulation of transferase activity,19_GO:0065007 biological regulation,-2.7,2.2,3.4,30293,644,389,18,4.6,1.1,103|1032|1845|2776|2932|3320|3984|5245|5570|6547|7532|8543|9270|10040|57515|79007|94056|143384,ADAR|CDKN2D|DUSP3|GNAQ|GSK3B|HSP90AA1|LIMK1|PHB1|PKIB|SLC8A3|YWHAG|LMO4|ITGB1BP1|TOM1L1|SERINC1|DBNDD1|SYAP1|CACUL1,-0.69,MyList
GO Biological Processes,19,GO:0098754,detoxification,19_GO:0098754 detoxification,-2.7,4,4,30293,136,389,7,1.8,0.67,2878|2936|5002|7001|51109|84293|84817,GPX3|GSR|SLC22A18|PRDX2|RDH11|PRXL2A|TXNDC17,-0.68,MyList
GO Biological Processes,19,GO:0016311,dephosphorylation,19_GO:0008152 metabolic process,-2.7,3.2,3.8,30293,217,389,9,2.3,0.76,1845|1848|4659|4952|5475|5527|5529|5535|7803,DUSP3|DUSP6|PPP1R12A|OCRL|PPEF1|PPP2R5C|PPP2R5E|PPP3R2|PTP4A1,-0.65,MyList
GO Biological Processes,19,GO:0050821,protein stabilization,19_GO:0065007 biological regulation,-2.7,3.2,3.8,30293,217,389,9,2.3,0.76,819|2776|3320|4591|5245|5824|6789|7320|10471,CAMLG|GNAQ|HSP90AA1|TRIM37|PHB1|PEX19|STK4|UBE2B|PFDN6,-0.65,MyList
GO Biological Processes,19,GO:0006090,pyruvate metabolic process,19_GO:0008152 metabolic process,-2.7,5.6,4.4,30293,70,389,5,1.3,0.57,2821|3939|5162|7167|81889,GPI|LDHA|PDHB|TPI1|FAHD1,-0.65,MyList
GO Biological Processes,19,GO:0006470,protein dephosphorylation,19_GO:0008152 metabolic process,-2.7,4,4,30293,138,389,7,1.8,0.67,1845|1848|4659|5475|5527|5529|5535,DUSP3|DUSP6|PPP1R12A|PPEF1|PPP2R5C|PPP2R5E|PPP3R2,-0.65,MyList
GO Biological Processes,19,GO:0000226,microtubule cytoskeleton organization,19_GO:0009987 cellular process,-2.7,2.3,3.4,30293,548,389,16,4.1,1,3619|4131|4659|7320|7846|10376|10383|11075|22911|22919|50861|51143|54462|81565|84056|260334,INCENP|MAP1B|PPP1R12A|UBE2B|TUBA1A|TUBA1B|TUBB4B|STMN2|WDR47|MAPRE1|STMN3|DYNC1LI1|CCSER2|NDEL1|KATNAL1|TUBB8B,-0.65,MyList
GO Biological Processes,19,GO:0007264,small GTPase mediated signal transduction,19_GO:0050896 response to stimulus,-2.7,3,3.7,30293,262,389,10,2.6,0.8,398|1718|3984|5877|6009|10787|10900|51209|220164|376267,ARHGDIG|DHCR24|LIMK1|RABIF|RHEB|NCKAP1|RUNDC3A|RAB9B|DOK6|RAB15,-0.64,MyList
GO Biological Processes,19,GO:0098657,import into cell,19_GO:0051179 localization,-2.7,2.1,3.3,30293,708,389,19,4.9,1.1,433|1175|3786|3984|4830|5874|6547|6623|6836|6857|10059|10479|10947|29887|29967|30011|51454|56990|94134,ASGR2|AP2S1|KCNQ3|LIMK1|NME1|RAB27B|SLC8A3|SNCG|SURF4|SYT1|DNM1L|SLC9A6|AP3M2|SNX10|LRP12|SH3KBP1|GULP1|CDC42SE2|ARHGAP12,-0.64,MyList
GO Biological Processes,19,GO:0032386,regulation of intracellular transport,19_GO:0051179 localization,-2.6,2.9,3.6,30293,265,389,10,2.6,0.8,88|2932|3320|4131|4659|7905|55737|81565|127933|131474,ACTN2|GSK3B|HSP90AA1|MAP1B|PPP1R12A|REEP5|VPS35|NDEL1|UHMK1|CHCHD4,-0.61,MyList
GO Biological Processes,19,GO:0043161,proteasome-mediated ubiquitin-dependent protein catabolic process,19_GO:0008152 metabolic process,-2.6,2.6,3.5,30293,357,389,12,3.1,0.88,2932|5527|5700|5710|5713|5718|7320|9867|23392|57154|80344|83892,GSK3B|PPP2R5C|PSMC1|PSMD4|PSMD7|PSMD12|UBE2B|PJA2|ECPAS|SMURF1|DCAF11|KCTD10,-0.61,MyList
GO Biological Processes,19,GO:0097120,receptor localization to synapse,19_GO:0051179 localization,-2.6,7.1,4.6,30293,44,389,4,1,0.51,1740|55737|57576|81832,DLG2|VPS35|KIF17|NETO1,-0.61,MyList
GO Biological Processes,19,GO:0140053,mitochondrial gene expression,19_GO:0008152 metabolic process,-2.6,3.8,3.9,30293,142,389,7,1.8,0.67,3035|6182|51253|54460|55168|60528|64960,HARS1|MRPL12|MRPL37|MRPS21|MRPS18A|ELAC2|MRPS15,-0.6,MyList
GO Biological Processes,19,GO:0043086,negative regulation of catalytic activity,19_GO:0065007 biological regulation,-2.6,2.4,3.4,30293,456,389,14,3.6,0.94,103|1032|1845|2776|2932|3984|4659|5176|5570|6547|7532|9270|57630|79007,ADAR|CDKN2D|DUSP3|GNAQ|GSK3B|LIMK1|PPP1R12A|SERPINF1|PKIB|SLC8A3|YWHAG|ITGB1BP1|SH3RF1|DBNDD1,-0.6,MyList
GO Biological Processes,19,GO:0010038,response to metal ion,19_GO:0050896 response to stimulus,-2.6,2.6,3.5,30293,360,389,12,3.1,0.88,445|1740|2821|3786|5176|5599|6857|7390|7846|27345|27347|79085,ASS1|DLG2|GPI|KCNQ3|SERPINF1|MAPK8|SYT1|UROS|TUBA1A|KCNMB4|STK39|SLC25A23,-0.59,MyList
GO Biological Processes,19,GO:0033673,negative regulation of kinase activity,19_GO:0048519 negative regulation of biological process,-2.6,3.4,3.7,30293,183,389,8,2.1,0.72,103|1845|2776|5570|6547|7532|9270|79007,ADAR|DUSP3|GNAQ|PKIB|SLC8A3|YWHAG|ITGB1BP1|DBNDD1,-0.58,MyList
GO Biological Processes,19,GO:0042326,negative regulation of phosphorylation,19_GO:0048519 negative regulation of biological process,-2.5,2.7,3.5,30293,317,389,11,2.8,0.84,103|1032|1845|1848|2776|5570|6547|7532|9270|79007|79893,ADAR|CDKN2D|DUSP3|DUSP6|GNAQ|PKIB|SLC8A3|YWHAG|ITGB1BP1|DBNDD1|GGNBP2,-0.56,MyList
GO Biological Processes,19,GO:0006120,"mitochondrial electron transport, NADH to ubiquinone",19_GO:0008152 metabolic process,-2.5,6.8,4.5,30293,46,389,4,1,0.51,4700|4706|4714|4725,NDUFA6|NDUFAB1|NDUFB8|NDUFS5,-0.56,MyList
GO Biological Processes,19,GO:0032984,protein-containing complex disassembly,19_GO:0009987 cellular process,-2.5,3.7,3.8,30293,146,389,7,1.8,0.67,2932|4905|9342|11075|50861|63908|128866,GSK3B|NSF|SNAP29|STMN2|STMN3|NAPB|CHMP4B,-0.56,MyList
GO Biological Processes,19,GO:0032543,mitochondrial translation,19_GO:0008152 metabolic process,-2.5,4.3,3.9,30293,109,389,6,1.5,0.62,3035|6182|51253|54460|55168|64960,HARS1|MRPL12|MRPL37|MRPS21|MRPS18A|MRPS15,-0.56,MyList
GO Biological Processes,19,GO:1990748,cellular detoxification,19_GO:0098754 detoxification,-2.5,4.3,3.9,30293,109,389,6,1.5,0.62,2878|2936|7001|51109|84293|84817,GPX3|GSR|PRDX2|RDH11|PRXL2A|TXNDC17,-0.56,MyList
GO Biological Processes,19,GO:0009725,response to hormone,19_GO:0050896 response to stimulus,-2.5,2,3.2,30293,780,389,20,5.1,1.1,88|445|1109|1718|2730|2821|2845|2932|3320|4131|5176|5245|7035|7532|9734|27347|57630|81565|94056|139596,ACTN2|ASS1|AKR1C4|DHCR24|GCLM|GPI|GPR22|GSK3B|HSP90AA1|MAP1B|SERPINF1|PHB1|TFPI|YWHAG|HDAC9|STK39|SH3RF1|NDEL1|SYAP1|UPRT,-0.56,MyList
GO Biological Processes,19,GO:0006812,monoatomic cation transport,19_GO:0051179 localization,-2.5,2,3.2,30293,781,389,20,5.1,1.1,515|522|528|1137|1327|3785|3786|4905|6547|7386|9312|9512|9551|10059|10476|10479|27345|27347|29099|79085,ATP5PB|ATP5PF|ATP6V1C1|CHRNA4|COX4I1|KCNQ2|KCNQ3|NSF|SLC8A3|UQCRFS1|KCNB2|PMPCB|ATP5MF|DNM1L|ATP5PD|SLC9A6|KCNMB4|STK39|COMMD9|SLC25A23,-0.56,MyList
GO Biological Processes,19,GO:0043242,negative regulation of protein-containing complex disassembly,19_GO:0048519 negative regulation of biological process,-2.5,5.1,4.1,30293,76,389,5,1.3,0.57,830|4131|11075|22911|79142,CAPZA2|MAP1B|STMN2|WDR47|PHF23,-0.55,MyList
GO Biological Processes,19,GO:0090066,regulation of anatomical structure size,19_GO:0065007 biological regulation,-2.5,2.3,3.3,30293,516,389,15,3.9,0.98,88|146|830|2730|2932|3320|3984|4131|9270|10787|27345|27347|57154|80115|282679,ACTN2|ADRA1D|CAPZA2|GCLM|GSK3B|HSP90AA1|LIMK1|MAP1B|ITGB1BP1|NCKAP1|KCNMB4|STK39|SMURF1|BAIAP2L2|AQP11,-0.55,MyList
GO Biological Processes,19,GO:0061744,motor behavior,19_GO:0032501 multicellular organismal process,-2.5,10,5,30293,23,389,3,0.77,0.44,3786|7846|22911,KCNQ3|TUBA1A|WDR47,-0.54,MyList
GO Biological Processes,19,GO:0008089,anterograde axonal transport,19_GO:0051179 localization,-2.5,6.6,4.4,30293,47,389,4,1,0.51,1740|5874|10947|81832,DLG2|RAB27B|AP3M2|NETO1,-0.54,MyList
GO Biological Processes,19,GO:1901873,regulation of post-translational protein modification,19_GO:0008152 metabolic process,-2.5,2.8,3.5,30293,277,389,10,2.6,0.8,819|2932|3320|3984|7320|23142|79142|83593|150678|378708,CAMLG|GSK3B|HSP90AA1|LIMK1|UBE2B|DCUN1D4|PHF23|RASSF5|COPS9|CENPS,-0.52,MyList
GO Biological Processes,19,GO:0014075,response to amine,19_GO:0050896 response to stimulus,-2.5,6.5,4.3,30293,48,389,4,1,0.51,445|3251|7390|9734,ASS1|HPRT1|UROS|HDAC9,-0.52,MyList
GO Biological Processes,19,GO:1903861,positive regulation of dendrite extension,19_GO:0040007 growth,-2.5,9.7,4.9,30293,24,389,3,0.77,0.44,6857|23025|57154,SYT1|UNC13A|SMURF1,-0.5,MyList
GO Biological Processes,19,GO:0010035,response to inorganic substance,19_GO:0050896 response to stimulus,-2.5,2.2,3.2,30293,525,389,15,3.9,0.98,445|1740|2821|3786|4131|5176|5599|6857|7001|7390|7846|8428|27345|27347|79085,ASS1|DLG2|GPI|KCNQ3|MAP1B|SERPINF1|MAPK8|SYT1|PRDX2|UROS|TUBA1A|STK24|KCNMB4|STK39|SLC25A23,-0.5,MyList
GO Biological Processes,19,GO:0045859,regulation of protein kinase activity,19_GO:0008152 metabolic process,-2.4,2.3,3.3,30293,474,389,14,3.6,0.94,103|1032|1845|2776|3320|5245|5570|6547|7532|9270|10040|79007|94056|143384,ADAR|CDKN2D|DUSP3|GNAQ|HSP90AA1|PHB1|PKIB|SLC8A3|YWHAG|ITGB1BP1|TOM1L1|DBNDD1|SYAP1|CACUL1,-0.5,MyList
GO Biological Processes,19,GO:0009636,response to toxic substance,19_GO:0050896 response to stimulus,-2.4,3,3.5,30293,236,389,9,2.3,0.76,445|2878|2936|4131|5002|7001|51109|84293|84817,ASS1|GPX3|GSR|MAP1B|SLC22A18|PRDX2|RDH11|PRXL2A|TXNDC17,-0.49,MyList
GO Biological Processes,19,GO:1990138,neuron projection extension,19_GO:0040007 growth,-2.4,4.9,4,30293,80,389,5,1.3,0.57,3984|4131|5361|10479|81565,LIMK1|MAP1B|PLXNA1|SLC9A6|NDEL1,-0.48,MyList
GO Biological Processes,19,GO:0043457,regulation of cellular respiration,19_GO:0008152 metabolic process,-2.4,6.2,4.2,30293,50,389,4,1,0.51,27166|55847|79085|131474,PRELID1|CISD1|SLC25A23|CHCHD4,-0.47,MyList
GO Biological Processes,19,GO:0072599,establishment of protein localization to endoplasmic reticulum,19_GO:0051179 localization,-2.4,6.2,4.2,30293,50,389,4,1,0.51,6734|25782|54557|128866,SRPRA|RAB3GAP2|SGTB|CHMP4B,-0.47,MyList
GO Biological Processes,19,GO:0045936,negative regulation of phosphate metabolic process,19_GO:0048519 negative regulation of biological process,-2.4,2.5,3.3,30293,380,389,12,3.1,0.88,103|1032|1845|1848|2776|2932|5570|6547|7532|9270|79007|79893,ADAR|CDKN2D|DUSP3|DUSP6|GNAQ|GSK3B|PKIB|SLC8A3|YWHAG|ITGB1BP1|DBNDD1|GGNBP2,-0.46,MyList
GO Biological Processes,19,GO:1902074,response to salt,19_GO:0050896 response to stimulus,-2.4,2.5,3.3,30293,380,389,12,3.1,0.88,1137|1740|2730|2776|3320|3786|6857|7846|10518|27345|27347|79085,CHRNA4|DLG2|GCLM|GNAQ|HSP90AA1|KCNQ3|SYT1|TUBA1A|CIB2|KCNMB4|STK39|SLC25A23,-0.46,MyList
GO Biological Processes,19,GO:0010563,negative regulation of phosphorus metabolic process,19_GO:0048519 negative regulation of biological process,-2.4,2.5,3.3,30293,381,389,12,3.1,0.88,103|1032|1845|1848|2776|2932|5570|6547|7532|9270|79007|79893,ADAR|CDKN2D|DUSP3|DUSP6|GNAQ|GSK3B|PKIB|SLC8A3|YWHAG|ITGB1BP1|DBNDD1|GGNBP2,-0.45,MyList
GO Biological Processes,19,GO:0031503,protein-containing complex localization,19_GO:0051179 localization,-2.4,3.5,3.6,30293,156,389,7,1.8,0.67,1175|1740|55737|57576|81832|81929|642987,AP2S1|DLG2|VPS35|KIF17|NETO1|SEH1L|TMEM232,-0.45,MyList
GO Biological Processes,19,GO:0034198,cellular response to amino acid starvation,19_GO:0050896 response to stimulus,-2.4,6.1,4.2,30293,51,389,4,1,0.51,1386|5599|81929|151556,ATF2|MAPK8|SEH1L|GPR155,-0.45,MyList
GO Biological Processes,19,GO:1903320,regulation of protein modification by small protein conjugation or removal,19_GO:0008152 metabolic process,-2.4,2.9,3.4,30293,241,389,9,2.3,0.76,819|2932|3320|3984|23142|79142|83593|150678|378708,CAMLG|GSK3B|HSP90AA1|LIMK1|DCUN1D4|PHF23|RASSF5|COPS9|CENPS,-0.45,MyList
GO Biological Processes,19,GO:0097237,cellular response to toxic substance,19_GO:0050896 response to stimulus,-2.4,4,3.7,30293,118,389,6,1.5,0.62,2878|2936|7001|51109|84293|84817,GPX3|GSR|PRDX2|RDH11|PRXL2A|TXNDC17,-0.45,MyList
GO Biological Processes,19,GO:0048812,neuron projection morphogenesis,19_GO:0032502 developmental process,-2.4,2.3,3.2,30293,484,389,14,3.6,0.94,1501|2596|3251|3984|4131|5361|7846|8543|9334|10479|10787|22911|81565|91137,CTNND2|GAP43|HPRT1|LIMK1|MAP1B|PLXNA1|TUBA1A|LMO4|B4GALT5|SLC9A6|NCKAP1|WDR47|NDEL1|SLC25A46,-0.45,MyList
GO Biological Processes,19,GO:0043549,regulation of kinase activity,19_GO:0008152 metabolic process,-2.4,2.2,3.1,30293,536,389,15,3.9,0.98,103|1032|1845|2776|3320|5245|5570|6547|7532|8543|9270|10040|79007|94056|143384,ADAR|CDKN2D|DUSP3|GNAQ|HSP90AA1|PHB1|PKIB|SLC8A3|YWHAG|LMO4|ITGB1BP1|TOM1L1|DBNDD1|SYAP1|CACUL1,-0.45,MyList
GO Biological Processes,19,GO:0051560,mitochondrial calcium ion homeostasis,19_GO:0042592 homeostatic process,-2.4,9,4.6,30293,26,389,3,0.77,0.44,6547|79085|83636,SLC8A3|SLC25A23|C19orf12,-0.44,MyList
GO Biological Processes,19,GO:0071248,cellular response to metal ion,19_GO:0050896 response to stimulus,-2.3,3.1,3.4,30293,200,389,8,2.1,0.72,1740|3786|5176|5599|6857|7846|27347|79085,DLG2|KCNQ3|SERPINF1|MAPK8|SYT1|TUBA1A|STK39|SLC25A23,-0.43,MyList
GO Biological Processes,19,GO:0010498,proteasomal protein catabolic process,19_GO:0008152 metabolic process,-2.3,2.4,3.2,30293,386,389,12,3.1,0.88,2932|5527|5700|5710|5713|5718|7320|9867|23392|57154|80344|83892,GSK3B|PPP2R5C|PSMC1|PSMD4|PSMD7|PSMD12|UBE2B|PJA2|ECPAS|SMURF1|DCAF11|KCTD10,-0.43,MyList
GO Biological Processes,19,GO:0051494,negative regulation of cytoskeleton organization,19_GO:0048519 negative regulation of biological process,-2.3,3.4,3.5,30293,159,389,7,1.8,0.67,830|2764|4131|4591|11075|22911|22919,CAPZA2|GMFB|MAP1B|TRIM37|STMN2|WDR47|MAPRE1,-0.43,MyList
GO Biological Processes,19,GO:0120039,plasma membrane bounded cell projection morphogenesis,19_GO:0032502 developmental process,-2.3,2.2,3.1,30293,489,389,14,3.6,0.94,1501|2596|3251|3984|4131|5361|7846|8543|9334|10479|10787|22911|81565|91137,CTNND2|GAP43|HPRT1|LIMK1|MAP1B|PLXNA1|TUBA1A|LMO4|B4GALT5|SLC9A6|NCKAP1|WDR47|NDEL1|SLC25A46,-0.42,MyList
GO Biological Processes,19,GO:0006468,protein phosphorylation,19_GO:0008152 metabolic process,-2.3,2.2,3.1,30293,490,389,14,3.6,0.94,1386|2764|2932|3984|5127|5165|5293|5599|6789|8428|27347|57172|79858|127933,ATF2|GMFB|GSK3B|LIMK1|CDK16|PDK3|PIK3CD|MAPK8|STK4|STK24|STK39|CAMK1G|NEK11|UHMK1,-0.42,MyList
GO Biological Processes,19,GO:0070507,regulation of microtubule cytoskeleton organization,19_GO:0050789 regulation of biological process,-2.3,3.4,3.5,30293,160,389,7,1.8,0.67,2932|4131|11075|22911|22919|50861|128866,GSK3B|MAP1B|STMN2|WDR47|MAPRE1|STMN3|CHMP4B,-0.42,MyList
GO Biological Processes,19,GO:0007026,negative regulation of microtubule depolymerization,19_GO:0048519 negative regulation of biological process,-2.3,8.7,4.5,30293,27,389,3,0.77,0.44,4131|11075|22911,MAP1B|STMN2|WDR47,-0.41,MyList
GO Biological Processes,19,GO:1903859,regulation of dendrite extension,19_GO:0040007 growth,-2.3,8.7,4.5,30293,27,389,3,0.77,0.44,6857|23025|57154,SYT1|UNC13A|SMURF1,-0.41,MyList
GO Biological Processes,19,GO:0044092,negative regulation of molecular function,19_GO:0065007 biological regulation,-2.3,1.9,3,30293,762,389,19,4.9,1.1,88|103|1032|1845|2776|2932|3984|4591|4659|5176|5570|5599|5824|6547|7532|9270|27347|57630|79007,ACTN2|ADAR|CDKN2D|DUSP3|GNAQ|GSK3B|LIMK1|TRIM37|PPP1R12A|SERPINF1|PKIB|MAPK8|PEX19|SLC8A3|YWHAG|ITGB1BP1|STK39|SH3RF1|DBNDD1,-0.41,MyList
GO Biological Processes,19,GO:0019318,hexose metabolic process,19_GO:0008152 metabolic process,-2.3,3.4,3.5,30293,161,389,7,1.8,0.67,2821|4351|5162|5165|7167|7355|51363,GPI|MPI|PDHB|PDK3|TPI1|SLC35A2|CHST15,-0.41,MyList
GO Biological Processes,19,GO:0021954,central nervous system neuron development,19_GO:0032502 developmental process,-2.3,4.5,3.7,30293,86,389,5,1.3,0.57,3251|5361|9334|22911|81565,HPRT1|PLXNA1|B4GALT5|WDR47|NDEL1,-0.41,MyList
GO Biological Processes,19,GO:0018105,peptidyl-serine phosphorylation,19_GO:0008152 metabolic process,-2.3,3.4,3.4,30293,162,389,7,1.8,0.67,2932|5165|5599|6789|27347|57172|127933,GSK3B|PDK3|MAPK8|STK4|STK39|CAMK1G|UHMK1,-0.41,MyList
GO Biological Processes,19,GO:0048858,cell projection morphogenesis,19_GO:0032502 developmental process,-2.3,2.2,3.1,30293,494,389,14,3.6,0.94,1501|2596|3251|3984|4131|5361|7846|8543|9334|10479|10787|22911|81565|91137,CTNND2|GAP43|HPRT1|LIMK1|MAP1B|PLXNA1|TUBA1A|LMO4|B4GALT5|SLC9A6|NCKAP1|WDR47|NDEL1|SLC25A46,-0.41,MyList
GO Biological Processes,19,GO:0018107,peptidyl-threonine phosphorylation,19_GO:0008152 metabolic process,-2.3,5.8,4,30293,54,389,4,1,0.51,1386|2932|5599|27347,ATF2|GSK3B|MAPK8|STK39,-0.41,MyList
GO Biological Processes,19,GO:1990928,response to amino acid starvation,19_GO:0050896 response to stimulus,-2.3,5.8,4,30293,54,389,4,1,0.51,1386|5599|81929|151556,ATF2|MAPK8|SEH1L|GPR155,-0.41,MyList
GO Biological Processes,19,GO:0072659,protein localization to plasma membrane,19_GO:0051179 localization,-2.3,3,3.3,30293,205,389,8,2.1,0.72,88|4905|9270|9312|55737|57154|115827|145567,ACTN2|NSF|ITGB1BP1|KCNB2|VPS35|SMURF1|RAB3C|TTC7B,-0.4,MyList
GO Biological Processes,19,GO:0007269,neurotransmitter secretion,19_GO:0051179 localization,-2.3,4.5,3.7,30293,87,389,5,1.3,0.57,6857|9342|23025|51248|80331,SYT1|SNAP29|UNC13A|PDZD11|DNAJC5,-0.4,MyList
GO Biological Processes,19,GO:1902414,protein localization to cell junction,19_GO:0051179 localization,-2.3,4.5,3.7,30293,87,389,5,1.3,0.57,1740|5874|8927|55737|81832,DLG2|RAB27B|BSN|VPS35|NETO1,-0.4,MyList
GO Biological Processes,19,GO:1901879,regulation of protein depolymerization,19_GO:0050789 regulation of biological process,-2.3,4.5,3.7,30293,87,389,5,1.3,0.57,88|830|4131|11075|22911,ACTN2|CAPZA2|MAP1B|STMN2|WDR47,-0.4,MyList
GO Biological Processes,19,GO:0099643,signal release from synapse,19_GO:0051179 localization,-2.3,4.5,3.7,30293,87,389,5,1.3,0.57,6857|9342|23025|51248|80331,SYT1|SNAP29|UNC13A|PDZD11|DNAJC5,-0.4,MyList
GO Biological Processes,19,GO:0001933,negative regulation of protein phosphorylation,19_GO:0048519 negative regulation of biological process,-2.3,2.6,3.2,30293,297,389,10,2.6,0.8,103|1845|1848|2776|5570|6547|7532|9270|79007|79893,ADAR|DUSP3|DUSP6|GNAQ|PKIB|SLC8A3|YWHAG|ITGB1BP1|DBNDD1|GGNBP2,-0.4,MyList
GO Biological Processes,19,GO:0043244,regulation of protein-containing complex disassembly,19_GO:0050789 regulation of biological process,-2.3,3.8,3.5,30293,124,389,6,1.5,0.62,88|830|4131|11075|22911|79142,ACTN2|CAPZA2|MAP1B|STMN2|WDR47|PHF23,-0.4,MyList
GO Biological Processes,19,GO:0140014,mitotic nuclear division,19_GO:0009987 cellular process,-2.3,3.3,3.4,30293,164,389,7,1.8,0.67,3619|22919|81565|81620|81929|113130|128866,INCENP|MAPRE1|NDEL1|CDT1|SEH1L|CDCA5|CHMP4B,-0.4,MyList
GO Biological Processes,19,GO:0032989,cellular anatomical entity morphogenesis,19_GO:0032502 developmental process,-2.3,2.1,3,30293,605,389,16,4.1,1,88|1501|2596|3251|3984|4131|4606|5361|7846|8543|9334|10479|10787|22911|81565|91137,ACTN2|CTNND2|GAP43|HPRT1|LIMK1|MAP1B|MYBPC2|PLXNA1|TUBA1A|LMO4|B4GALT5|SLC9A6|NCKAP1|WDR47|NDEL1|SLC25A46,-0.4,MyList
GO Biological Processes,19,GO:0051259,protein complex oligomerization,19_GO:0009987 cellular process,-2.3,2.8,3.2,30293,252,389,9,2.3,0.76,3251|6789|6857|9312|10059|10730|54557|83892|282679,HPRT1|STK4|SYT1|KCNB2|DNM1L|YME1L1|SGTB|KCTD10|AQP11,-0.39,MyList
GO Biological Processes,19,GO:0032870,cellular response to hormone stimulus,19_GO:0050896 response to stimulus,-2.2,2.2,3,30293,501,389,14,3.6,0.94,88|445|1109|2730|2845|2932|4131|5176|5245|7035|7532|9734|81565|94056,ACTN2|ASS1|AKR1C4|GCLM|GPR22|GSK3B|MAP1B|SERPINF1|PHB1|TFPI|YWHAG|HDAC9|NDEL1|SYAP1,-0.38,MyList
GO Biological Processes,19,GO:0098869,cellular oxidant detoxification,19_GO:0098754 detoxification,-2.2,4.4,3.6,30293,89,389,5,1.3,0.57,2878|2936|7001|84293|84817,GPX3|GSR|PRDX2|PRXL2A|TXNDC17,-0.38,MyList
GO Biological Processes,19,GO:0032273,positive regulation of protein polymerization,19_GO:0048518 positive regulation of biological process,-2.2,4.3,3.6,30293,91,389,5,1.3,0.57,3320|4131|10787|22919|80115,HSP90AA1|MAP1B|NCKAP1|MAPRE1|BAIAP2L2,-0.34,MyList
GO Biological Processes,19,GO:0051129,negative regulation of cellular component organization,19_GO:0048519 negative regulation of biological process,-2.2,1.9,2.9,30293,726,389,18,4.6,1.1,830|1063|2764|2932|4131|4591|5203|5810|8543|9270|10040|10471|11075|22911|22919|27166|55737|79142,CAPZA2|CENPF|GMFB|GSK3B|MAP1B|TRIM37|PFDN4|RAD1|LMO4|ITGB1BP1|TOM1L1|PFDN6|STMN2|WDR47|MAPRE1|PRELID1|VPS35|PHF23,-0.34,MyList
GO Biological Processes,19,GO:0032886,regulation of microtubule-based process,19_GO:0050789 regulation of biological process,-2.2,2.7,3.2,30293,258,389,9,2.3,0.76,2932|4131|4591|11075|22911|22919|50861|81669|128866,GSK3B|MAP1B|TRIM37|STMN2|WDR47|MAPRE1|STMN3|CCNL2|CHMP4B,-0.34,MyList
GO Biological Processes,19,GO:0007610,behavior,19_GO:0032501 multicellular organismal process,-2.2,2,2.9,30293,616,389,16,4.1,1,1137|2821|3251|3786|4885|5176|6547|6623|6863|7846|9867|22911|55074|55585|81832|91137,CHRNA4|GPI|HPRT1|KCNQ3|NPTX2|SERPINF1|SLC8A3|SNCG|TAC1|TUBA1A|PJA2|WDR47|OXR1|UBE2Q1|NETO1|SLC25A46,-0.34,MyList
GO Biological Processes,19,GO:0008535,respiratory chain complex IV assembly,19_GO:0009987 cellular process,-2.2,7.8,4.2,30293,30,389,3,0.77,0.44,55744|91137|388753,COA1|SLC25A46|COA6,-0.33,MyList
GO Biological Processes,19,GO:0009612,response to mechanical stimulus,19_GO:0050896 response to stimulus,-2.2,2.9,3.2,30293,214,389,8,2.1,0.72,1301|2821|3786|4131|5599|7846|63982|441027,COL11A1|GPI|KCNQ3|MAP1B|MAPK8|TUBA1A|ANO3|TMEM150C,-0.33,MyList
GO Biological Processes,19,GO:0016051,carbohydrate biosynthetic process,19_GO:0008152 metabolic process,-2.2,3.6,3.4,30293,131,389,6,1.5,0.62,34|2821|7167|7360|51363|81849,ACADM|GPI|TPI1|UGP2|CHST15|ST6GALNAC5,-0.31,MyList
GO Biological Processes,19,GO:0090151,establishment of protein localization to mitochondrial membrane,19_GO:0051179 localization,-2.1,7.5,4.2,30293,31,389,3,0.77,0.44,3320|26519|401505,HSP90AA1|TIMM10|TOMM5,-0.31,MyList
GO Biological Processes,19,GO:0051654,establishment of mitochondrion localization,19_GO:0051179 localization,-2.1,7.5,4.2,30293,31,389,3,0.77,0.44,4131|10059|51566,MAP1B|DNM1L|ARMCX3,-0.31,MyList
GO Biological Processes,19,GO:0045070,positive regulation of viral genome replication,19_GO:0016032 viral process,-2.1,7.5,4.2,30293,31,389,3,0.77,0.44,103|9217|29883,ADAR|VAPB|CNOT7,-0.31,MyList
GO Biological Processes,19,GO:0031114,regulation of microtubule depolymerization,19_GO:0050789 regulation of biological process,-2.1,7.5,4.2,30293,31,389,3,0.77,0.44,4131|11075|22911,MAP1B|STMN2|WDR47,-0.31,MyList
GO Biological Processes,19,GO:0042176,regulation of protein catabolic process,19_GO:0008152 metabolic process,-2.1,2.4,3,30293,360,389,11,2.8,0.84,819|2932|3320|4905|5245|5700|10197|55737|57630|79589|282679,CAMLG|GSK3B|HSP90AA1|NSF|PHB1|PSMC1|PSME3|VPS35|SH3RF1|RNF128|AQP11,-0.31,MyList
GO Biological Processes,19,GO:0031346,positive regulation of cell projection organization,19_GO:0048518 positive regulation of biological process,-2.1,2.4,3,30293,360,389,11,2.8,0.84,2932|3320|3984|4131|5176|5361|8428|10787|11075|57154|81565,GSK3B|HSP90AA1|LIMK1|MAP1B|SERPINF1|PLXNA1|STK24|NCKAP1|STMN2|SMURF1|NDEL1,-0.31,MyList
GO Biological Processes,19,GO:0006457,protein folding,19_GO:0008152 metabolic process,-2.1,2.8,3.1,30293,219,389,8,2.1,0.72,3320|5203|5824|10471|80331|131118|131474|653505,HSP90AA1|PFDN4|PEX19|PFDN6|DNAJC5|DNAJC19|CHCHD4|PPIAL4A,-0.29,MyList
GO Biological Processes,19,GO:0018209,peptidyl-serine modification,19_GO:0008152 metabolic process,-2.1,3.1,3.2,30293,175,389,7,1.8,0.67,2932|5165|5599|6789|27347|57172|127933,GSK3B|PDK3|MAPK8|STK4|STK39|CAMK1G|UHMK1,-0.29,MyList
GO Biological Processes,19,GO:0098662,inorganic cation transmembrane transport,19_GO:0051179 localization,-2.1,2,2.8,30293,628,389,16,4.1,1,515|522|528|1327|3785|3786|6547|7386|9312|9512|9551|10476|10479|27345|27347|79085,ATP5PB|ATP5PF|ATP6V1C1|COX4I1|KCNQ2|KCNQ3|SLC8A3|UQCRFS1|KCNB2|PMPCB|ATP5MF|ATP5PD|SLC9A6|KCNMB4|STK39|SLC25A23,-0.29,MyList
GO Biological Processes,19,GO:0021953,central nervous system neuron differentiation,19_GO:0032502 developmental process,-2.1,3.1,3.2,30293,176,389,7,1.8,0.67,3251|5361|8543|9334|22911|81565|91137,HPRT1|PLXNA1|LMO4|B4GALT5|WDR47|NDEL1|SLC25A46,-0.28,MyList
GO Biological Processes,19,GO:0008608,attachment of spindle microtubules to kinetochore,19_GO:0051179 localization,-2.1,7.3,4.1,30293,32,389,3,0.77,0.44,22919|81620|81929,MAPRE1|CDT1|SEH1L,-0.28,MyList
GO Biological Processes,19,GO:0031110,regulation of microtubule polymerization or depolymerization,19_GO:0050789 regulation of biological process,-2.1,4.1,3.4,30293,96,389,5,1.3,0.57,4131|11075|22911|22919|50861,MAP1B|STMN2|WDR47|MAPRE1|STMN3,-0.28,MyList
GO Biological Processes,19,GO:0043254,regulation of protein-containing complex assembly,19_GO:0050789 regulation of biological process,-2.1,2.2,2.9,30293,417,389,12,3.1,0.88,830|2932|3320|4131|5599|8543|10787|11075|22919|55737|63908|80115,CAPZA2|GSK3B|HSP90AA1|MAP1B|MAPK8|LMO4|NCKAP1|STMN2|MAPRE1|VPS35|NAPB|BAIAP2L2,-0.27,MyList
GO Biological Processes,19,GO:0099072,regulation of postsynaptic membrane neurotransmitter receptor levels,19_GO:0065007 biological regulation,-2.1,5,3.6,30293,62,389,4,1,0.51,1175|3320|55737|81832,AP2S1|HSP90AA1|VPS35|NETO1,-0.27,MyList
GO Biological Processes,19,GO:0008637,apoptotic mitochondrial changes,19_GO:0009987 cellular process,-2.1,5,3.6,30293,62,389,4,1,0.51,1386|2730|10059|55737,ATF2|GCLM|DNM1L|VPS35,-0.27,MyList
GO Biological Processes,19,GO:0006099,tricarboxylic acid cycle,19_GO:0008152 metabolic process,-2.1,7.1,4,30293,33,389,3,0.77,0.44,50|5162|6391,ACO2|PDHB|SDHC,-0.25,MyList
GO Biological Processes,19,GO:0009582,detection of abiotic stimulus,19_GO:0050896 response to stimulus,-2.1,3.4,3.2,30293,137,389,6,1.5,0.62,1301|2776|6863|22911|51109|63982,COL11A1|GNAQ|TAC1|WDR47|RDH11|ANO3,-0.25,MyList
GO Biological Processes,19,GO:0016079,synaptic vesicle exocytosis,19_GO:0051179 localization,-2.1,4.9,3.6,30293,63,389,4,1,0.51,6857|9342|23025|80331,SYT1|SNAP29|UNC13A|DNAJC5,-0.25,MyList
GO Biological Processes,19,GO:0032535,regulation of cellular component size,19_GO:0065007 biological regulation,-2.1,2.3,2.9,30293,370,389,11,2.8,0.84,88|830|2932|3320|3984|4131|10787|27347|57154|80115|282679,ACTN2|CAPZA2|GSK3B|HSP90AA1|LIMK1|MAP1B|NCKAP1|STK39|SMURF1|BAIAP2L2|AQP11,-0.25,MyList
GO Biological Processes,19,GO:0000070,mitotic sister chromatid segregation,19_GO:0009987 cellular process,-2,3.4,3.2,30293,138,389,6,1.5,0.62,3619|22919|81620|81929|113130|128866,INCENP|MAPRE1|CDT1|SEH1L|CDCA5|CHMP4B,-0.24,MyList
GO Biological Processes,19,GO:0018210,peptidyl-threonine modification,19_GO:0008152 metabolic process,-2,4.9,3.5,30293,64,389,4,1,0.51,1386|2932|5599|27347,ATF2|GSK3B|MAPK8|STK39,-0.23,MyList
GO Biological Processes,19,GO:2001237,negative regulation of extrinsic apoptotic signaling pathway,19_GO:0048519 negative regulation of biological process,-2,3.9,3.3,30293,100,389,5,1.3,0.57,2730|2932|7001|10197|57630,GCLM|GSK3B|PRDX2|PSME3|SH3RF1,-0.22,MyList
GO Biological Processes,19,GO:0043467,regulation of generation of precursor metabolites and energy,19_GO:0008152 metabolic process,-2,3.3,3.2,30293,140,389,6,1.5,0.62,2932|7262|27166|55847|79085|131474,GSK3B|PHLDA2|PRELID1|CISD1|SLC25A23|CHCHD4,-0.22,MyList
GO Biological Processes,19,GO:0051648,vesicle localization,19_GO:0051179 localization,-2,3,3.1,30293,183,389,7,1.8,0.67,1780|8927|9342|10947|23025|29058|81565,DYNC1I1|BSN|SNAP29|AP3M2|UNC13A|TMEM230|NDEL1,-0.22,MyList
GO Biological Processes,19,GO:0098655,monoatomic cation transmembrane transport,19_GO:0051179 localization,-2,1.9,2.7,30293,644,389,16,4.1,1,515|522|528|1327|3785|3786|6547|7386|9312|9512|9551|10476|10479|27345|27347|79085,ATP5PB|ATP5PF|ATP6V1C1|COX4I1|KCNQ2|KCNQ3|SLC8A3|UQCRFS1|KCNB2|PMPCB|ATP5MF|ATP5PD|SLC9A6|KCNMB4|STK39|SLC25A23,-0.22,MyList
GO Biological Processes,19,GO:0009179,purine ribonucleoside diphosphate metabolic process,19_GO:0008152 metabolic process,-2,4.8,3.5,30293,65,389,4,1,0.51,1740|2821|3939|7167,DLG2|GPI|LDHA|TPI1,-0.22,MyList
GO Biological Processes,19,GO:0009135,purine nucleoside diphosphate metabolic process,19_GO:0008152 metabolic process,-2,4.8,3.5,30293,65,389,4,1,0.51,1740|2821|3939|7167,DLG2|GPI|LDHA|TPI1,-0.22,MyList
GO Biological Processes,19,GO:0071241,cellular response to inorganic substance,19_GO:0050896 response to stimulus,-2,2.7,3,30293,229,389,8,2.1,0.72,1740|3786|5176|5599|6857|7846|27347|79085,DLG2|KCNQ3|SERPINF1|MAPK8|SYT1|TUBA1A|STK39|SLC25A23,-0.22,MyList
GO Biological Processes,19,GO:0006066,alcohol metabolic process,19_GO:0008152 metabolic process,-2,2.4,2.9,30293,326,389,10,2.6,0.8,50|1109|1718|2224|4952|6721|7167|26002|51109|51573,ACO2|AKR1C4|DHCR24|FDPS|OCRL|SREBF2|TPI1|MOXD1|RDH11|GDE1,-0.21,MyList
