Cluster,Score,Type,Gene,Symbol,Network
3,3.7777777777777777,Seed,23415,KCNH4,MyList_SUB1
3,3.7777777777777777,Clustered,3748,KCNC3,MyList_SUB1
3,3.7777777777777777,Clustered,3746,KCNC1,MyList_SUB1
3,3.7777777777777777,Clustered,3788,KCNS2,MyList_SUB1
3,3.7777777777777777,Clustered,3745,KCNB1,MyList_SUB1
3,3.7777777777777777,Clustered,6138,RPL15,MyList_SUB1
3,3.7777777777777777,Clustered,9196,KCNAB3,MyList_SUB1
3,3.7777777777777777,Clustered,3749,KCNC4,MyList_SUB1
3,3.7777777777777777,Clustered,169522,KCNV2,MyList_SUB1
5,2.857142857142857,Clustered,9170,LPAR2,MyList_SUB1
5,2.857142857142857,Clustered,3827,KNG1,MyList_SUB1
5,2.857142857142857,Clustered,10803,CCR9,MyList_SUB1
5,2.857142857142857,Seed,259289,TAS2R43,MyList_SUB1
5,2.857142857142857,Clustered,3355,HTR1F,MyList_SUB1
5,2.857142857142857,Clustered,5179,PENK,MyList_SUB1
5,2.857142857142857,Clustered,4987,OPRL1,MyList_SUB1
6,2.857142857142857,Clustered,121504,H4C16,MyList_SUB1
6,2.857142857142857,Clustered,8360,H4C4,MyList_SUB1
6,2.857142857142857,Clustered,7703,PCGF2,MyList_SUB1
6,2.857142857142857,Seed,3720,JARID2,MyList_SUB1
6,2.857142857142857,Clustered,8361,H4C6,MyList_SUB1
6,2.857142857142857,Clustered,8366,H4C2,MyList_SUB1
6,2.857142857142857,Clustered,80853,KDM7A,MyList_SUB1
2,2.111111111111111,Clustered,10497,UNC13B,MyList_SUB1
2,2.111111111111111,Clustered,3798,KIF5A,MyList_SUB1
2,2.111111111111111,Clustered,6262,RYR2,MyList_SUB1
2,2.111111111111111,Clustered,8497,PPFIA4,MyList_SUB1
2,2.111111111111111,Clustered,3708,ITPR1,MyList_SUB1
2,2.111111111111111,Clustered,9055,PRC1,MyList_SUB1
2,2.111111111111111,Seed,5528,PPP2R5D,MyList_SUB1
2,2.111111111111111,Clustered,55844,PPP2R2D,MyList_SUB1
2,2.111111111111111,Clustered,6843,VAMP1,MyList_SUB1
2,2.111111111111111,Clustered,8825,LIN7A,MyList_SUB1
2,2.111111111111111,Clustered,10814,CPLX2,MyList_SUB1
2,2.111111111111111,Clustered,9515,STXBP5L,MyList_SUB1
2,2.111111111111111,Clustered,9493,KIF23,MyList_SUB1
2,2.111111111111111,Clustered,112755,STX1B,MyList_SUB1
2,2.111111111111111,Clustered,64837,KLC2,MyList_SUB1
2,2.111111111111111,Clustered,5521,PPP2R2B,MyList_SUB1
2,2.111111111111111,Clustered,6812,STXBP1,MyList_SUB1
2,2.111111111111111,Clustered,11004,KIF2C,MyList_SUB1
4,1.7777777777777777,Clustered,4957,ODF2,MyList_SUB1
4,1.7777777777777777,Clustered,54839,LRRC49,MyList_SUB1
4,1.7777777777777777,Seed,10318,TNIP1,MyList_SUB1
4,1.7777777777777777,Clustered,4215,MAP3K3,MyList_SUB1
4,1.7777777777777777,Clustered,126520,PLK5,MyList_SUB1
4,1.7777777777777777,Clustered,23329,TBC1D30,MyList_SUB1
4,1.7777777777777777,Clustered,22995,CEP152,MyList_SUB1
4,1.7777777777777777,Clustered,117178,SSX2IP,MyList_SUB1
4,1.7777777777777777,Clustered,84251,SGIP1,MyList_SUB1
8,1.5,Clustered,10536,P3H3,MyList_SUB1
8,1.5,Clustered,1310,COL19A1,MyList_SUB1
8,1.5,Clustered,1289,COL5A1,MyList_SUB1
8,1.5,Seed,1305,COL13A1,MyList_SUB1
7,1.4285714285714286,Seed,9020,MAP3K14,MyList_SUB1
7,1.4285714285714286,Clustered,120892,LRRK2,MyList_SUB1
7,1.4285714285714286,Clustered,1523,CUX1,MyList_SUB1
7,1.4285714285714286,Clustered,5597,MAPK6,MyList_SUB1
7,1.4285714285714286,Clustered,124923,RSKR,MyList_SUB1
7,1.4285714285714286,Clustered,4782,NFIC,MyList_SUB1
7,1.4285714285714286,Clustered,30012,TLX3,MyList_SUB1
1,1.3157894736842106,Clustered,7222,TRPC3,MyList_SUB1
1,1.3157894736842106,Clustered,491,ATP2B2,MyList_SUB1
1,1.3157894736842106,Clustered,7791,ZYX,MyList_SUB1
1,1.3157894736842106,Clustered,816,CAMK2B,MyList_SUB1
1,1.3157894736842106,Clustered,492,ATP2B3,MyList_SUB1
1,1.3157894736842106,Clustered,9063,PIAS2,MyList_SUB1
1,1.3157894736842106,Clustered,23236,PLCB1,MyList_SUB1
1,1.3157894736842106,Clustered,7321,UBE2D1,MyList_SUB1
1,1.3157894736842106,Clustered,286,ANK1,MyList_SUB1
1,1.3157894736842106,Clustered,490,ATP2B1,MyList_SUB1
1,1.3157894736842106,Clustered,79659,DYNC2H1,MyList_SUB1
1,1.3157894736842106,Clustered,6095,RORA,MyList_SUB1
1,1.3157894736842106,Clustered,23237,ARC,MyList_SUB1
1,1.3157894736842106,Clustered,27020,NPTN,MyList_SUB1
1,1.3157894736842106,Clustered,6478,SIAH2,MyList_SUB1
1,1.3157894736842106,Clustered,2903,GRIN2A,MyList_SUB1
1,1.3157894736842106,Clustered,6710,SPTB,MyList_SUB1
1,1.3157894736842106,Clustered,6324,SCN1B,MyList_SUB1
1,1.3157894736842106,Clustered,84254,CAMKK1,MyList_SUB1
9,1.25,Clustered,5291,PIK3CB,MyList_SUB1
9,1.25,Clustered,138429,PIP5KL1,MyList_SUB1
9,1.25,Clustered,55361,PI4K2A,MyList_SUB1
9,1.25,Clustered,23396,PIP5K1C,MyList_SUB1
10,1.0,Clustered,84896,ATAD1,MyList_SUB1
10,1.0,Clustered,9218,VAPA,MyList_SUB1
10,1.0,Clustered,2710,GK,MyList_SUB1
10,1.0,Seed,57559,STAMBPL1,MyList_SUB1
